# wavelength[Angstrom] f_lambda[erg/cm^2/s/Angstrom]
# AB magnitudes will be: J ~ 0.90, H ~  1.37, K_s ~ 1.84
900.41 1.241713e-17
901.31 1.680479e-17
902.22 1.785211e-17
903.12 1.828850e-17
904.03 1.870901e-17
904.93 1.922474e-17
905.84 1.974840e-17
906.75 2.024826e-17
907.66 2.076399e-17
908.57 2.128765e-17
909.48 2.181925e-17
910.39 2.237465e-17
911.30 2.296972e-17
912.22 2.377901e-17
913.13 2.601648e-17
914.05 4.726446e-17
914.96 3.646591e-16
915.88 2.358859e-15
916.80 6.866319e-15
917.72 1.155230e-14
918.64 1.540836e-14
919.56 1.944690e-14
920.48 2.228737e-14
921.40 2.630211e-14
922.33 2.909498e-14
923.25 3.137211e-14
924.18 4.612192e-14
925.10 4.680427e-14
926.03 3.627549e-14
926.96 5.066826e-14
927.89 7.524863e-14
928.82 7.798596e-14
929.75 5.659516e-14
930.68 4.006014e-14
931.61 6.042741e-14
932.55 9.417980e-14
933.48 1.154437e-13
934.42 1.218704e-13
935.36 1.134601e-13
936.29 8.711830e-14
937.23 5.365948e-14
938.17 5.338178e-14
939.11 9.235492e-14
940.05 1.289319e-13
941.00 1.494817e-13
941.94 1.620178e-13
942.88 1.689207e-13
943.83 1.711422e-13
944.78 1.622559e-13
945.72 1.559084e-13
946.67 1.592408e-13
947.62 1.441657e-13
948.57 1.006859e-13
949.52 6.302192e-14
950.47 8.814976e-14
951.43 1.481328e-13
952.38 1.875662e-13
953.33 2.086714e-13
954.29 2.317601e-13
955.25 2.554835e-13
956.20 2.764300e-13
957.16 2.922986e-13
958.12 2.972972e-13
959.08 2.992014e-13
960.04 2.980906e-13
961.01 3.042793e-13
961.97 3.118962e-13
962.93 3.096746e-13
963.90 2.940441e-13
964.87 2.933300e-13
965.83 3.203066e-13
966.80 3.391108e-13
967.77 3.378413e-13
968.74 3.216554e-13
969.71 2.856338e-13
970.68 2.197793e-13
971.66 1.298047e-13
972.63 9.084741e-14
973.61 1.572573e-13
974.58 2.573878e-13
975.56 3.317319e-13
976.54 3.775920e-13
977.52 4.004427e-13
978.50 4.150418e-13
979.48 4.294821e-13
980.46 4.382892e-13
981.44 4.433671e-13
982.43 4.527295e-13
983.41 4.615366e-13
984.40 4.574901e-13
985.38 4.600291e-13
986.37 4.741521e-13
987.36 4.597117e-13
988.35 4.260704e-13
989.34 3.966342e-13
990.33 3.922704e-13
991.33 4.382892e-13
992.32 4.748662e-13
993.31 4.862121e-13
994.31 4.631235e-13
995.31 4.678047e-13
996.31 4.947018e-13
997.30 5.061272e-13
998.30 5.165211e-13
999.30 5.279464e-13
1000.31 5.438150e-13
1001.31 5.615084e-13
1002.31 5.748380e-13
1003.32 5.860253e-13
1004.32 5.905478e-13
1005.33 5.906272e-13
1006.34 5.900718e-13
1007.35 5.946737e-13
1008.36 6.029253e-13
1009.37 6.087173e-13
1010.38 6.216502e-13
1011.39 6.333929e-13
1012.41 6.383915e-13
1013.42 6.492615e-13
1014.44 6.570370e-13
1015.45 6.676689e-13
1016.47 6.870286e-13
1017.49 6.931380e-13
1018.51 6.855211e-13
1019.53 6.735403e-13
1020.55 6.536253e-13
1021.58 6.246652e-13
1022.60 5.561131e-13
1023.63 4.251976e-13
1024.65 2.505643e-13
1025.68 1.529728e-13
1026.71 2.532620e-13
1027.74 4.370990e-13
1028.77 5.935629e-13
1029.80 7.021830e-13
1030.83 7.620868e-13
1031.87 8.061220e-13
1032.90 8.465868e-13
1033.94 8.703896e-13
1034.97 8.688028e-13
1036.01 8.219905e-13
1037.05 8.196103e-13
1038.09 9.013333e-13
1039.13 9.544929e-13
1040.17 9.759154e-13
1041.21 9.925774e-13
1042.26 9.965445e-13
1043.30 9.949577e-13
1044.35 1.010826e-12
1045.39 1.033042e-12
1046.44 1.052878e-12
1047.49 1.057638e-12
1048.54 1.064779e-12
1049.59 1.098897e-12
1050.64 1.123493e-12
1051.70 1.131427e-12
1052.75 1.143329e-12
1053.81 1.163164e-12
1054.86 1.179033e-12
1055.92 1.203629e-12
1056.98 1.232192e-12
1058.04 1.249648e-12
1059.10 1.246474e-12
1060.16 1.252028e-12
1061.23 1.280591e-12
1062.29 1.275831e-12
1063.35 1.267103e-12
1064.42 1.304394e-12
1065.49 1.313915e-12
1066.56 1.299634e-12
1067.62 1.298047e-12
1068.69 1.325023e-12
1069.77 1.386117e-12
1070.84 1.426582e-12
1071.91 1.444037e-12
1072.99 1.451178e-12
1074.06 1.475775e-12
1075.14 1.505131e-12
1076.22 1.535282e-12
1077.30 1.576540e-12
1078.38 1.608277e-12
1079.46 1.637634e-12
1080.54 1.663023e-12
1081.62 1.670958e-12
1082.71 1.670164e-12
1083.79 1.637634e-12
1084.88 1.624939e-12
1085.97 1.694760e-12
1087.05 1.785211e-12
1088.14 1.820915e-12
1089.24 1.839958e-12
1090.33 1.845512e-12
1091.42 1.862174e-12
1092.51 1.909779e-12
1093.61 1.950244e-12
1094.71 1.947864e-12
1095.80 1.862174e-12
1096.90 1.774897e-12
1098.00 1.830436e-12
1099.10 1.924061e-12
1100.20 2.050216e-12
1101.31 2.243019e-12
1102.41 2.434234e-12
1103.52 2.611962e-12
1104.62 2.750812e-12
1105.73 2.945995e-12
1106.84 3.321286e-12
1107.95 4.339253e-12
1109.06 7.534385e-12
1110.17 1.483709e-11
1111.28 2.324742e-11
1112.40 3.292723e-11
1113.51 3.753704e-11
1114.63 4.613779e-11
1115.75 8.172300e-11
1116.87 8.243708e-11
1117.99 7.973943e-11
1119.11 1.135394e-10
1120.23 1.105244e-10
1121.35 7.185277e-11
1122.48 6.974225e-11
1123.60 1.282178e-10
1124.73 1.580507e-10
1125.85 1.615418e-10
1126.98 1.340892e-10
1128.11 8.227840e-11
1129.24 5.953084e-11
1130.38 9.679811e-11
1131.51 1.457526e-10
1132.64 1.510685e-10
1133.78 1.325817e-10
1134.92 1.456732e-10
1136.05 1.804253e-10
1137.19 1.768549e-10
1138.33 1.256789e-10
1139.47 6.969465e-11
1140.62 7.343168e-11
1141.76 1.040183e-10
1142.90 1.068746e-10
1144.05 1.108418e-10
1145.20 1.445624e-10
1146.34 1.542422e-10
1147.49 1.466253e-10
1148.64 1.588441e-10
1149.80 1.692380e-10
1150.95 1.687620e-10
1152.10 1.579713e-10
1153.26 1.500371e-10
1154.41 1.576540e-10
1155.57 1.483709e-10
1156.73 1.108418e-10
1157.89 7.712905e-11
1159.05 8.886384e-11
1160.21 1.240127e-10
1161.37 1.359934e-10
1162.54 1.302014e-10
1163.70 1.120319e-10
1164.87 1.006859e-10
1166.04 9.330704e-11
1167.21 7.846201e-11
1168.38 6.736196e-11
1169.55 5.941183e-11
1170.72 5.176319e-11
1171.89 5.169178e-11
1173.07 5.189807e-11
1174.25 4.726446e-11
1175.42 4.178187e-11
1176.60 3.789408e-11
1177.78 3.534718e-11
1178.96 3.088018e-11
1180.14 2.471526e-11
1181.33 2.111310e-11
1182.51 1.924854e-11
1183.70 1.682066e-11
1184.88 1.501958e-11
1186.07 1.385324e-11
1187.26 1.240127e-11
1188.45 9.989248e-12
1189.64 7.872384e-12
1190.83 7.692277e-12
1192.03 7.439966e-12
1193.22 5.634126e-12
1194.42 5.402445e-12
1195.62 6.966290e-12
1196.82 7.317779e-12
1198.02 7.105934e-12
1199.22 6.856004e-12
1200.42 6.588619e-12
1201.62 6.766347e-12
1202.83 6.733816e-12
1204.03 6.299018e-12
1205.24 5.733305e-12
1206.45 5.137441e-12
1207.66 4.536023e-12
1208.87 3.863197e-12
1210.08 3.111821e-12
1211.29 2.303319e-12
1212.51 1.481329e-12
1213.72 7.579610e-13
1214.94 3.012643e-13
1216.16 2.844436e-13
1217.38 7.355070e-13
1218.60 1.507512e-12
1219.82 2.429474e-12
1221.04 3.395868e-12
1222.27 4.340840e-12
1223.49 5.212816e-12
1224.72 6.040361e-12
1225.95 6.860765e-12
1227.17 7.620075e-12
1228.40 8.370657e-12
1229.64 9.172018e-12
1230.87 9.989248e-12
1232.10 1.083028e-11
1233.34 1.156817e-11
1234.57 1.244887e-11
1235.81 1.337718e-11
1237.05 1.432929e-11
1238.29 1.525760e-11
1239.53 1.631286e-11
1240.77 1.790765e-11
1242.02 1.935962e-11
1243.26 2.139080e-11
1244.51 2.541347e-11
1245.76 3.014230e-11
1247.01 3.670394e-11
1248.26 4.813723e-11
1249.51 6.402957e-11
1250.76 8.854647e-11
1252.01 1.302014e-10
1253.27 1.770929e-10
1254.53 2.323155e-10
1255.78 2.900770e-10
1257.04 3.317319e-10
1258.30 3.277648e-10
1259.56 2.246986e-10
1260.83 1.657469e-10
1262.09 2.999948e-10
1263.36 3.527577e-10
1264.62 2.706380e-10
1265.89 4.305929e-10
1267.16 7.614521e-10
1268.43 1.055258e-09
1269.70 1.209183e-09
1270.97 1.229019e-09
1272.25 1.307568e-09
1273.52 1.396432e-09
1274.80 1.270277e-09
1276.08 1.118732e-09
1277.36 1.158404e-09
1278.64 1.387704e-09
1279.92 1.364695e-09
1281.20 1.853446e-09
1282.49 2.496122e-09
1283.77 2.761126e-09
1285.06 2.870620e-09
1286.35 2.639732e-09
1287.64 2.210488e-09
1288.93 2.119244e-09
1290.22 2.437408e-09
1291.52 2.746845e-09
1292.81 2.875380e-09
1294.11 2.831742e-09
1295.40 2.707174e-09
1296.70 2.873793e-09
1298.00 3.003915e-09
1299.30 2.929333e-09
1300.61 2.749225e-09
1301.91 2.025620e-09
1303.21 1.569399e-09
1304.52 1.108418e-09
1305.83 1.368662e-09
1307.14 2.352512e-09
1308.45 2.201760e-09
1309.76 1.756648e-09
1311.07 2.350925e-09
1312.39 3.289549e-09
1313.70 4.017915e-09
1315.02 4.017915e-09
1316.34 3.584704e-09
1317.66 3.810831e-09
1318.98 4.089324e-09
1320.30 4.381305e-09
1321.62 4.630441e-09
1322.95 4.319418e-09
1324.28 4.372577e-09
1325.60 4.680427e-09
1326.93 4.343220e-09
1328.26 3.921117e-09
1329.59 3.998080e-09
1330.93 4.605051e-09
1332.26 4.759769e-09
1333.60 3.794962e-09
1334.93 2.532619e-09
1336.27 3.065009e-09
1337.61 4.600291e-09
1338.95 5.278671e-09
1340.30 5.280258e-09
1341.64 5.364361e-09
1342.98 5.484169e-09
1344.33 5.312788e-09
1345.68 5.112845e-09
1347.03 5.135854e-09
1348.38 5.151723e-09
1349.73 5.078727e-09
1351.08 5.179492e-09
1352.44 5.202502e-09
1353.79 5.227891e-09
1355.15 5.184253e-09
1356.51 5.081901e-09
1357.87 5.007319e-09
1359.23 4.722478e-09
1360.59 4.767704e-09
1361.96 4.909727e-09
1363.32 4.778812e-09
1364.69 4.701056e-09
1366.06 4.780399e-09
1367.43 4.408281e-09
1368.80 4.285300e-09
1370.17 4.762943e-09
1371.54 5.251695e-09
1372.92 5.332624e-09
1374.29 5.119985e-09
1375.67 5.230272e-09
1377.05 5.525427e-09
1378.43 5.263596e-09
1379.81 4.836732e-09
1381.20 4.674079e-09
1382.58 4.905760e-09
1383.97 4.966854e-09
1385.35 4.989864e-09
1386.74 5.501624e-09
1388.13 5.829309e-09
1389.52 6.079239e-09
1390.92 5.899925e-09
1392.31 5.483375e-09
1393.71 5.662690e-09
1395.11 6.028460e-09
1396.50 5.853112e-09
1397.90 5.489722e-09
1399.31 5.423868e-09
1400.71 5.481788e-09
1402.11 5.570652e-09
1403.52 5.959432e-09
1404.92 6.154615e-09
1406.33 6.041154e-09
1407.74 5.837244e-09
1409.15 5.512732e-09
1410.57 5.218371e-09
1411.98 5.376263e-09
1413.40 5.374676e-09
1414.81 5.022394e-09
1416.23 5.146962e-09
1417.65 5.369122e-09
1419.07 5.505591e-09
1420.50 5.640474e-09
1421.92 5.834070e-09
1423.35 5.655549e-09
1424.77 5.508765e-09
1426.20 5.991962e-09
1427.63 6.098281e-09
1429.06 5.884849e-09
1430.49 5.259629e-09
1431.93 4.479690e-09
1433.36 4.497938e-09
1434.80 5.066826e-09
1436.24 5.733305e-09
1437.68 6.062577e-09
1439.12 6.071305e-09
1440.56 6.087173e-09
1442.01 5.938009e-09
1443.45 6.013384e-09
1444.90 6.282356e-09
1446.35 6.402957e-09
1447.80 6.322821e-09
1449.25 6.460084e-09
1450.70 6.552122e-09
1452.16 6.553708e-09
1453.61 6.502929e-09
1455.07 6.375981e-09
1456.53 6.454530e-09
1457.99 6.579098e-09
1459.45 6.612422e-09
1460.91 6.397403e-09
1462.38 6.021319e-09
1463.84 6.060197e-09
1465.31 6.146680e-09
1466.78 5.506385e-09
1468.25 5.252488e-09
1469.72 5.582554e-09
1471.20 5.799159e-09
1472.67 5.713469e-09
1474.15 5.412760e-09
1475.63 5.554784e-09
1477.10 5.822169e-09
1478.59 6.090347e-09
1480.07 6.092727e-09
1481.55 5.615878e-09
1483.04 5.504798e-09
1484.52 5.723784e-09
1486.01 6.150648e-09
1487.50 6.619563e-09
1488.99 6.843309e-09
1490.49 6.701286e-09
1491.98 5.977680e-09
1493.48 5.629366e-09
1494.97 6.230783e-09
1496.47 6.923445e-09
1497.97 7.174962e-09
1499.47 7.041666e-09
1500.98 6.877427e-09
1502.48 7.024211e-09
1503.99 7.206699e-09
1505.50 7.019450e-09
1507.00 6.589413e-09
1508.52 6.114150e-09
1510.03 5.941976e-09
1511.54 5.941183e-09
1513.06 6.095901e-09
1514.57 6.156201e-09
1516.09 6.441835e-09
1517.61 7.004375e-09
1519.13 7.039286e-09
1520.66 6.905990e-09
1522.18 6.906784e-09
1523.71 6.763173e-09
1525.23 5.914206e-09
1526.76 5.150929e-09
1528.29 6.030840e-09
1529.83 6.728262e-09
1531.36 6.203014e-09
1532.89 5.059685e-09
1534.43 5.284225e-09
1535.97 6.007037e-09
1537.51 6.283150e-09
1539.05 6.495788e-09
1540.59 6.425173e-09
1542.14 6.299812e-09
1543.68 6.371220e-09
1545.23 6.199840e-09
1546.78 6.181591e-09
1548.33 6.325201e-09
1549.88 6.398197e-09
1551.44 5.991168e-09
1552.99 5.460366e-09
1554.55 5.147756e-09
1556.11 5.245347e-09
1557.67 5.319136e-09
1559.23 4.152005e-09
1560.79 2.888868e-09
1562.36 3.337155e-09
1563.92 4.694709e-09
1565.49 5.649995e-09
1567.06 5.699981e-09
1568.63 5.850732e-09
1570.20 6.044328e-09
1571.78 5.820582e-09
1573.35 5.034295e-09
1574.93 5.051751e-09
1576.51 5.808680e-09
1578.09 6.207774e-09
1579.67 6.352178e-09
1581.26 6.479920e-09
1582.84 6.761586e-09
1584.43 6.414859e-09
1586.02 6.104629e-09
1587.61 6.235544e-09
1589.20 6.433901e-09
1590.79 6.527525e-09
1592.39 6.625910e-09
1593.98 6.641779e-09
1595.58 6.759206e-09
1597.18 7.163060e-09
1598.78 7.118628e-09
1600.38 6.635431e-09
1601.99 6.525938e-09
1603.59 6.722709e-09
1605.20 6.594173e-09
1606.81 6.397403e-09
1608.42 6.322028e-09
1610.03 6.323615e-09
1611.65 6.175244e-09
1613.26 6.076065e-09
1614.88 6.350591e-09
1616.50 6.506103e-09
1618.12 6.348211e-09
1619.74 6.034014e-09
1621.37 5.726164e-09
1622.99 5.594455e-09
1624.62 5.718229e-09
1626.25 5.835657e-09
1627.88 5.873741e-09
1629.51 5.378643e-09
1631.14 5.219164e-09
1632.78 5.365948e-09
1634.42 5.743619e-09
1636.05 6.153821e-09
1637.69 6.307746e-09
1639.34 6.084793e-09
1640.98 6.079239e-09
1642.63 6.259347e-09
1644.27 6.502136e-09
1645.92 6.671136e-09
1647.57 6.572751e-09
1649.22 6.245065e-09
1650.88 6.283150e-09
1652.53 6.307746e-09
1654.19 5.526220e-09
1655.85 4.168666e-09
1657.51 3.469657e-09
1659.17 4.824037e-09
1660.83 5.961018e-09
1662.50 6.041948e-09
1664.16 6.187939e-09
1665.83 6.442629e-09
1667.50 6.191906e-09
1669.17 5.301680e-09
1670.85 4.560619e-09
1672.52 5.103324e-09
1674.20 5.440530e-09
1675.88 5.796779e-09
1677.56 6.143507e-09
1679.24 6.253793e-09
1680.92 6.584652e-09
1682.61 6.693352e-09
1684.29 6.540220e-09
1685.98 6.187939e-09
1687.67 6.084000e-09
1689.36 6.215708e-09
1691.06 6.142713e-09
1692.75 5.950704e-09
1694.45 5.741239e-09
1696.15 5.528601e-09
1697.85 5.638887e-09
1699.55 5.831690e-09
1701.25 5.729337e-09
1702.96 5.811854e-09
1704.67 5.986408e-09
1706.38 5.791225e-09
1708.09 5.525427e-09
1709.80 5.611910e-09
1711.51 5.732511e-09
1713.23 5.725370e-09
1714.95 5.693634e-09
1716.67 5.599215e-09
1718.39 5.450051e-09
1720.11 5.386577e-09
1721.83 5.688873e-09
1723.56 5.810267e-09
1725.29 5.394512e-09
1727.02 5.457192e-09
1728.75 5.949910e-09
1730.48 5.931661e-09
1732.22 5.887229e-09
1733.95 5.909445e-09
1735.69 5.948324e-09
1737.43 6.027666e-09
1739.17 6.112563e-09
1740.92 5.864220e-09
1742.66 5.688079e-09
1744.41 5.907859e-09
1746.16 6.007037e-09
1747.91 5.915793e-09
1749.66 5.989582e-09
1751.41 6.046708e-09
1753.17 6.238718e-09
1754.93 6.514830e-09
1756.69 6.461671e-09
1758.45 6.103835e-09
1760.21 5.721403e-09
1761.98 5.619051e-09
1763.74 5.375469e-09
1765.51 5.212816e-09
1767.28 5.528601e-09
1769.05 5.682526e-09
1770.83 5.699981e-09
1772.60 5.904685e-09
1774.38 6.118910e-09
1776.16 6.090347e-09
1777.94 6.181591e-09
1779.72 6.287910e-09
1781.50 6.181591e-09
1783.29 6.147474e-09
1785.08 5.932455e-09
1786.87 5.699981e-09
1788.66 5.993549e-09
1790.45 6.484680e-09
1792.25 6.607662e-09
1794.04 6.513244e-09
1795.84 6.406924e-09
1797.64 6.329169e-09
1799.44 6.495788e-09
1801.25 6.625910e-09
1803.05 6.432314e-09
1804.86 6.147474e-09
1806.67 5.909445e-09
1808.48 5.807093e-09
1810.29 6.105422e-09
1812.11 6.273629e-09
1813.93 6.169690e-09
1815.74 5.927694e-09
1817.56 5.834863e-09
1819.39 5.909445e-09
1821.21 5.930075e-09
1823.04 5.920553e-09
1824.86 5.861840e-09
1826.69 5.815028e-09
1828.52 5.734892e-09
1830.36 5.559544e-09
1832.19 5.521460e-09
1834.03 5.822169e-09
1835.87 5.912619e-09
1837.71 5.777737e-09
1839.55 5.403239e-09
1841.40 5.059685e-09
1843.24 5.165211e-09
1845.09 5.297713e-09
1846.94 5.227891e-09
1848.79 5.466713e-09
1850.64 5.554784e-09
1852.50 5.334211e-09
1854.36 5.456398e-09
1856.22 5.663483e-09
1858.08 5.516699e-09
1859.94 5.398479e-09
1861.80 5.501624e-09
1863.67 5.533361e-09
1865.54 5.588901e-09
1867.41 5.614291e-09
1869.28 5.561131e-09
1871.15 5.697601e-09
1873.03 5.814234e-09
1874.91 5.695220e-09
1876.79 5.594455e-09
1878.67 5.629366e-09
1880.55 5.565892e-09
1882.44 5.737272e-09
1884.32 5.845971e-09
1886.21 5.807887e-09
1888.10 5.681732e-09
1890.00 5.646028e-09
1891.89 5.728544e-09
1893.79 5.754727e-09
1895.69 5.705535e-09
1897.59 5.577793e-09
1899.49 5.406413e-09
1901.39 5.332624e-09
1903.30 5.413554e-09
1905.21 5.373882e-09
1907.12 5.373089e-09
1909.03 5.384990e-09
1910.94 5.425455e-09
1912.86 5.642061e-09
1914.78 5.673004e-09
1916.70 5.657136e-09
1918.62 5.703948e-09
1920.54 5.792812e-09
1922.47 5.790432e-09
1924.39 5.697601e-09
1926.32 5.455605e-09
1928.26 5.391338e-09
1930.19 5.246934e-09
1932.12 5.381023e-09
1934.06 5.619051e-09
1936.00 5.530187e-09
1937.94 5.535741e-09
1939.88 5.689666e-09
1941.83 5.849145e-09
1943.77 5.934835e-09
1945.72 5.847558e-09
1947.67 5.639680e-09
1949.63 5.509558e-09
1951.58 5.564305e-09
1953.54 5.631746e-09
1955.50 5.722197e-09
1957.46 5.820582e-09
1959.42 5.912619e-09
1961.38 5.965779e-09
1963.35 5.906272e-09
1965.32 5.809474e-09
1967.29 5.715056e-09
1969.26 5.660310e-09
1971.23 5.799159e-09
1973.21 5.863427e-09
1975.19 5.719817e-09
1977.17 5.619845e-09
1979.15 5.477821e-09
1981.13 5.557957e-09
1983.12 5.574619e-09
1985.11 5.557957e-09
1987.10 5.612704e-09
1989.09 5.490516e-09
1991.08 5.334211e-09
1993.08 5.370708e-09
1995.08 5.466713e-09
1997.08 5.538915e-09
1999.08 5.373882e-09
2001.08 5.387371e-09
2003.09 5.425455e-09
2005.10 5.261215e-09
2007.11 5.143789e-09
2009.12 5.151723e-09
2011.14 5.093009e-09
2013.15 5.077140e-09
2015.17 5.168384e-09
2017.19 5.198535e-09
2019.21 5.203296e-09
2021.24 5.058098e-09
2023.26 5.000178e-09
2025.29 5.072380e-09
2027.32 5.186633e-09
2029.35 5.312788e-09
2031.39 5.282638e-09
2033.42 5.090629e-09
2035.46 5.090629e-09
2037.50 5.116812e-09
2039.55 5.119985e-09
2041.59 5.218371e-09
2043.64 5.450051e-09
2045.69 5.587314e-09
2047.74 5.607943e-09
2049.79 5.576206e-09
2051.85 5.515112e-09
2053.90 5.298507e-09
2055.96 5.111258e-09
2058.02 5.167591e-09
2060.09 5.222338e-09
2062.15 5.099356e-09
2064.22 5.035882e-09
2066.29 4.989070e-09
2068.36 5.027155e-09
2070.43 5.214403e-09
2072.51 5.257248e-09
2074.59 5.292159e-09
2076.67 5.403239e-09
2078.75 5.412760e-09
2080.83 5.379436e-09
2082.92 5.381023e-09
2085.01 5.332624e-09
2087.10 5.369915e-09
2089.19 5.368328e-09
2091.28 5.289779e-09
2093.38 5.169972e-09
2095.48 5.075554e-09
2097.58 5.034295e-09
2099.68 5.069206e-09
2101.79 5.107291e-09
2103.89 5.192981e-09
2106.00 5.219957e-09
2108.11 4.947812e-09
2110.23 4.786746e-09
2112.34 4.821657e-09
2114.46 4.989070e-09
2116.58 5.227891e-09
2118.70 5.265183e-09
2120.83 5.252488e-09
2122.95 5.157276e-09
2125.08 5.040643e-09
2127.21 4.970028e-09
2129.34 4.843873e-09
2131.48 4.603464e-09
2133.61 4.308310e-09
2135.75 4.286094e-09
2137.89 4.556652e-09
2140.04 4.635202e-09
2142.18 4.812136e-09
2144.33 5.009699e-09
2146.48 4.993037e-09
2148.63 4.914488e-09
2150.79 4.855774e-09
2152.94 4.945432e-09
2155.10 5.062065e-09
2157.26 4.980342e-09
2159.42 4.765324e-09
2161.59 4.718511e-09
2163.76 4.771671e-09
2165.92 4.693122e-09
2168.10 4.572521e-09
2170.27 4.568554e-09
2172.45 4.586802e-09
2174.62 4.449539e-09
2176.80 4.442399e-09
2178.99 4.616953e-09
2181.17 4.804201e-09
2183.36 4.845460e-09
2185.55 4.655037e-09
2187.74 4.528089e-09
2189.93 4.631235e-09
2192.13 4.709784e-09
2194.32 4.854981e-09
2196.52 5.015253e-09
2198.72 4.974788e-09
2200.93 4.848633e-09
2203.14 4.835145e-09
2205.34 4.716131e-09
2207.55 4.505079e-09
2209.77 4.351948e-09
2211.98 4.277366e-09
2214.20 4.322591e-09
2216.42 4.361469e-09
2218.64 4.404314e-09
2220.87 4.407488e-09
2223.09 4.345601e-09
2225.32 4.259911e-09
2227.55 4.312277e-09
2229.79 4.503493e-09
2232.02 4.628854e-09
2234.26 4.735173e-09
2236.50 4.771671e-09
2238.74 4.667732e-09
2240.98 4.476516e-09
2243.23 4.271019e-09
2245.48 4.255943e-09
2247.73 4.236107e-09
2249.98 4.157558e-09
2252.24 4.172633e-09
2254.50 4.058380e-09
2256.76 4.052826e-09
2259.02 4.218652e-09
2261.29 4.305929e-09
2263.55 4.330525e-09
2265.82 4.217065e-09
2268.09 4.211512e-09
2270.37 4.409868e-09
2272.64 4.556652e-09
2274.92 4.425737e-09
2277.20 4.253563e-09
2279.48 4.339253e-09
2281.77 4.500319e-09
2284.06 4.501906e-09
2286.35 4.534436e-09
2288.64 4.632028e-09
2290.93 4.659798e-09
2293.23 4.467788e-09
2295.53 4.237695e-09
2297.83 3.969516e-09
2300.13 4.030610e-09
2302.44 4.210718e-09
2304.75 4.243248e-09
2307.06 4.291647e-09
2309.37 4.302755e-09
2311.69 4.106779e-09
2314.00 3.952061e-09
2316.32 4.109159e-09
2318.65 4.149624e-09
2320.97 4.189296e-09
2323.30 4.253563e-09
2325.63 4.036164e-09
2327.96 3.942540e-09
2330.29 4.013948e-09
2332.63 3.902075e-09
2334.97 3.905249e-09
2337.31 3.937779e-09
2339.65 3.917943e-09
2342.00 3.795756e-09
2344.34 3.496633e-09
2346.69 3.537892e-09
2349.05 3.817972e-09
2351.40 4.070281e-09
2353.76 4.029023e-09
2356.12 3.936985e-09
2358.48 3.837014e-09
2360.84 3.593432e-09
2363.21 3.659286e-09
2365.58 3.722760e-09
2367.95 3.802103e-09
2370.33 3.871925e-09
2372.70 3.862403e-09
2375.08 3.829080e-09
2377.46 3.868751e-09
2379.84 3.547413e-09
2382.23 3.160220e-09
2384.62 3.412530e-09
2387.01 3.664840e-09
2389.40 3.543446e-09
2391.80 3.727521e-09
2394.20 3.715619e-09
2396.60 3.560108e-09
2399.00 3.641037e-09
2401.40 3.664047e-09
2403.81 3.549793e-09
2406.22 3.377620e-09
2408.63 3.470450e-09
2411.05 3.486319e-09
2413.46 3.613267e-09
2415.88 3.748943e-09
2418.31 3.883033e-09
2420.73 4.079803e-09
2423.16 3.956821e-09
2425.59 3.761638e-09
2428.02 3.691023e-09
2430.45 3.647385e-09
2432.89 3.665634e-09
2435.33 3.562488e-09
2437.77 3.664047e-09
2440.21 3.936985e-09
2442.66 4.055206e-09
2445.11 3.830666e-09
2447.56 3.702925e-09
2450.01 3.720380e-09
2452.47 3.752117e-09
2454.93 3.860023e-09
2457.39 3.918737e-09
2459.85 3.835427e-09
2462.32 3.722760e-09
2464.79 3.655319e-09
2467.26 3.664840e-09
2469.73 3.656906e-09
2472.21 3.595812e-09
2474.69 3.664840e-09
2477.17 3.679122e-09
2479.65 3.598192e-09
2482.14 3.618821e-09
2484.62 3.650558e-09
2487.11 3.802103e-09
2489.61 3.709272e-09
2492.10 3.571216e-09
2494.60 3.765605e-09
2497.10 3.929845e-09
2499.61 3.966342e-09
2502.11 4.004427e-09
2504.62 3.905249e-09
2507.13 3.813211e-09
2509.64 3.788615e-09
2512.16 3.715619e-09
2514.68 3.739422e-09
2517.20 3.752117e-09
2519.72 3.694990e-09
2522.25 3.617235e-09
2524.78 3.460929e-09
2527.31 3.283202e-09
2529.84 3.379206e-09
2532.38 3.661666e-09
2534.92 3.614854e-09
2537.46 3.300657e-09
2540.00 3.202272e-09
2542.55 3.383174e-09
2545.10 3.458549e-09
2547.65 3.303037e-09
2550.20 3.218934e-09
2552.76 3.593432e-09
2555.32 3.767985e-09
2557.88 3.664840e-09
2560.45 3.572009e-09
2563.01 3.537892e-09
2565.58 3.690230e-09
2568.15 3.842568e-09
2570.73 3.900488e-09
2573.31 3.860817e-09
2575.89 3.810037e-09
2578.47 3.817178e-09
2581.05 3.879066e-09
2583.64 3.822732e-09
2586.23 3.763225e-09
2588.82 3.821145e-09
2591.42 3.850502e-09
2594.02 3.855263e-09
2596.62 3.787028e-09
2599.22 3.539479e-09
2601.83 3.725141e-09
2604.43 3.772746e-09
2607.04 3.497427e-09
2609.66 3.492666e-09
2612.27 3.513295e-09
2614.89 3.610887e-09
2617.51 3.691023e-09
2620.14 3.691023e-09
2622.77 3.780681e-09
2625.39 3.749737e-09
2628.03 3.619615e-09
2630.66 3.476004e-09
2633.30 3.662460e-09
2635.94 3.986972e-09
2638.58 4.029023e-09
2641.23 4.061554e-09
2643.87 4.118681e-09
2646.52 4.147244e-09
2649.18 4.153591e-09
2651.83 4.111540e-09
2654.49 4.091704e-09
2657.15 4.059173e-09
2659.82 3.986178e-09
2662.48 3.860023e-09
2665.15 3.743390e-09
2667.82 3.784648e-09
2670.50 3.861610e-09
2673.18 3.902075e-09
2675.86 3.976657e-09
2678.54 3.962375e-09
2681.22 3.962375e-09
2683.91 3.960789e-09
2686.60 3.890174e-09
2689.30 3.847328e-09
2691.99 3.805277e-09
2694.69 3.828286e-09
2697.39 3.825906e-09
2700.10 3.800516e-09
2702.80 3.828286e-09
2705.51 3.789408e-09
2708.22 3.717206e-09
2710.94 3.658493e-09
2713.66 3.714826e-09
2716.38 3.696577e-09
2719.10 3.644211e-09
2721.83 3.703718e-09
2724.56 3.718793e-09
2727.29 3.687056e-09
2730.02 3.761638e-09
2732.76 3.870338e-09
2735.50 3.858436e-09
2738.24 3.714033e-09
2740.98 3.566455e-09
2743.73 3.457756e-09
2746.48 3.354610e-09
2749.24 3.271300e-09
2751.99 3.387141e-09
2754.75 3.491873e-09
2757.51 3.538685e-09
2760.28 3.636277e-09
2763.04 3.639451e-09
2765.81 3.629136e-09
2768.59 3.587084e-09
2771.36 3.666427e-09
2774.14 3.768779e-09
2776.92 3.722760e-09
2779.71 3.645798e-09
2782.49 3.652145e-09
2785.28 3.712446e-09
2788.07 3.789408e-09
2790.87 3.655319e-09
2793.67 3.149113e-09
2796.47 2.713521e-09
2799.27 2.949962e-09
2802.08 3.002328e-09
2804.89 3.172122e-09
2807.70 3.679915e-09
2810.51 3.847328e-09
2813.33 3.827493e-09
2816.15 3.867164e-09
2818.97 3.901282e-09
2821.80 3.896521e-09
2824.63 3.844155e-09
2827.46 3.781474e-09
2830.30 3.702925e-09
2833.13 3.672774e-09
2835.97 3.681502e-09
2838.82 3.626756e-09
2841.66 3.563281e-09
2844.51 3.616441e-09
2847.36 3.650558e-09
2850.22 3.583117e-09
2853.07 3.569629e-09
2855.93 3.562488e-09
2858.80 3.572009e-09
2861.66 3.672774e-09
2864.53 3.657699e-09
2867.40 3.596605e-09
2870.28 3.590258e-09
2873.16 3.588671e-09
2876.04 3.560901e-09
2878.92 3.579150e-09
2881.81 3.632310e-09
2884.69 3.702925e-09
2887.59 3.679122e-09
2890.48 3.610887e-09
2893.38 3.593432e-09
2896.28 3.600573e-09
2899.18 3.691023e-09
2902.09 3.809244e-09
2905.00 3.832253e-09
2907.91 3.802896e-09
2910.83 3.804483e-09
2913.74 3.833840e-09
2916.67 3.826699e-09
2919.59 3.809244e-09
2922.52 3.745769e-09
2925.45 3.669601e-09
2928.38 3.628343e-09
2931.32 3.668014e-09
2934.25 3.687056e-09
2937.20 3.669601e-09
2940.14 3.680709e-09
2943.09 3.681502e-09
2946.04 3.653732e-09
2948.99 3.643418e-09
2951.95 3.670394e-09
2954.91 3.694197e-09
2957.87 3.743390e-09
2960.83 3.732282e-09
2963.80 3.680709e-09
2966.77 3.649765e-09
2969.75 3.648972e-09
2972.73 3.667220e-09
2975.71 3.721967e-09
2978.69 3.698957e-09
2981.67 3.644211e-09
2984.66 3.593432e-09
2987.66 3.640244e-09
2990.65 3.741009e-09
2993.65 3.775126e-09
2996.65 3.764812e-09
2999.65 3.707685e-09
3002.66 3.660873e-09
3005.67 3.723554e-09
3008.69 3.778300e-09
3011.70 3.790201e-09
3014.72 3.778300e-09
3017.74 3.733075e-09
3020.77 3.695784e-09
3023.80 3.711652e-09
3026.83 3.717206e-09
3029.86 3.715619e-09
3032.90 3.716413e-09
3035.94 3.708479e-09
3038.98 3.687056e-09
3042.03 3.680709e-09
3045.08 3.697371e-09
3048.13 3.679122e-09
3051.19 3.681502e-09
3054.25 3.690230e-09
3057.31 3.632310e-09
3060.37 3.623582e-09
3063.44 3.647385e-09
3066.51 3.625962e-09
3069.59 3.633897e-09
3072.66 3.621995e-09
3075.74 3.609300e-09
3078.83 3.629136e-09
3081.91 3.677535e-09
3085.00 3.690230e-09
3088.10 3.649765e-09
3091.19 3.610094e-09
3094.29 3.590258e-09
3097.39 3.601366e-09
3100.50 3.596605e-09
3103.61 3.556934e-09
3106.72 3.564075e-09
3109.83 3.626756e-09
3112.95 3.636277e-09
3116.07 3.583117e-09
3119.20 3.521230e-09
3122.32 3.536305e-09
3125.45 3.566455e-09
3128.59 3.571216e-09
3131.72 3.549000e-09
3134.86 3.547413e-09
3138.00 3.595019e-09
3141.15 3.631516e-09
3144.30 3.602159e-09
3147.45 3.578357e-09
3150.61 3.591051e-09
3153.77 3.579150e-09
3156.93 3.550586e-09
3160.09 3.500601e-09
3163.26 3.479972e-09
3166.43 3.516469e-09
3169.61 3.537098e-09
3172.78 3.582324e-09
3175.96 3.570422e-09
3179.15 3.460136e-09
3182.33 3.422051e-09
3185.52 3.476004e-09
3188.72 3.492666e-09
3191.91 3.462516e-09
3195.11 3.433159e-09
3198.32 3.482352e-09
3201.52 3.540272e-09
3204.73 3.554554e-09
3207.95 3.522023e-09
3211.16 3.441887e-09
3214.38 3.416497e-09
3217.60 3.442681e-09
3220.83 3.484732e-09
3224.06 3.487112e-09
3227.29 3.433159e-09
3230.53 3.396662e-09
3233.76 3.388728e-09
3237.01 3.368098e-09
3240.25 3.388728e-09
3243.50 3.449821e-09
3246.75 3.469657e-09
3250.01 3.439507e-09
3253.26 3.420465e-09
3256.53 3.429192e-09
3259.79 3.447441e-09
3263.06 3.471244e-09
3266.33 3.476004e-09
3269.60 3.457756e-09
3272.88 3.444267e-09
3276.16 3.414117e-09
3279.45 3.387141e-09
3282.74 3.419671e-09
3286.03 3.449821e-09
3289.32 3.453788e-09
3292.62 3.463310e-09
3295.92 3.454582e-09
3299.22 3.463310e-09
3302.53 3.460929e-09
3305.84 3.445061e-09
3309.16 3.444267e-09
3312.47 3.445854e-09
3315.79 3.443474e-09
3319.12 3.435540e-09
3322.45 3.396662e-09
3325.78 3.380793e-09
3329.11 3.391108e-09
3332.45 3.395075e-09
3335.79 3.376826e-09
3339.13 3.349056e-09
3342.48 3.337155e-09
3345.83 3.342709e-09
3349.18 3.313352e-09
3352.54 3.346676e-09
3355.90 3.377620e-09
3359.27 3.333188e-09
3362.64 3.322873e-09
3366.01 3.353023e-09
3369.38 3.335568e-09
3372.76 3.326047e-09
3376.14 3.339535e-09
3379.52 3.310971e-09
3382.91 3.293516e-09
3386.30 3.326047e-09
3389.70 3.331601e-09
3393.10 3.301450e-09
3396.50 3.311765e-09
3399.90 3.345089e-09
3403.31 3.330807e-09
3406.72 3.314939e-09
3410.14 3.320493e-09
3413.56 3.341915e-09
3416.98 3.341915e-09
3420.41 3.319699e-09
3423.83 3.299070e-09
3427.27 3.322080e-09
3430.70 3.334774e-09
3434.14 3.321286e-09
3437.58 3.310971e-09
3441.03 3.280028e-09
3444.48 3.270507e-09
3447.93 3.307004e-09
3451.39 3.320493e-09
3454.85 3.303037e-09
3458.31 3.277648e-09
3461.78 3.260192e-09
3465.25 3.272094e-09
3468.72 3.283202e-09
3472.20 3.265746e-09
3475.68 3.237183e-09
3479.17 3.253051e-09
3482.66 3.268920e-09
3486.15 3.264953e-09
3489.64 3.244324e-09
3493.14 3.222108e-09
3496.64 3.217347e-09
3500.15 3.244324e-09
3503.66 3.259399e-09
3507.17 3.251464e-09
3510.68 3.237183e-09
3514.20 3.233216e-09
3517.73 3.249084e-09
3521.25 3.252258e-09
3524.78 3.243530e-09
3528.32 3.244324e-09
3531.85 3.245911e-09
3535.39 3.237183e-09
3538.94 3.237183e-09
3542.49 3.238770e-09
3546.04 3.238770e-09
3549.59 3.237976e-09
3553.15 3.228455e-09
3556.71 3.217347e-09
3560.28 3.214967e-09
3563.85 3.203066e-09
3567.42 3.180056e-09
3571.00 3.166568e-09
3574.58 3.168948e-09
3578.16 3.172122e-09
3581.75 3.161807e-09
3585.34 3.151493e-09
3588.93 3.160220e-09
3592.53 3.176089e-09
3596.13 3.179263e-09
3599.74 3.178469e-09
3603.35 3.166568e-09
3606.96 3.150699e-09
3610.57 3.144352e-09
3614.19 3.140385e-09
3617.82 3.135624e-09
3621.44 3.133244e-09
3625.07 3.141178e-09
3628.71 3.134831e-09
3632.35 3.118169e-09
3635.99 3.131657e-09
3639.63 3.133244e-09
3643.28 3.120549e-09
3646.93 3.118169e-09
3650.59 3.122929e-09
3654.25 3.134037e-09
3657.91 3.136418e-09
3661.58 3.131657e-09
3665.25 3.132451e-09
3668.93 3.131657e-09
3672.60 3.125310e-09
3676.29 3.103887e-09
3679.97 3.076117e-09
3683.66 3.045173e-09
3687.35 3.018197e-09
3691.05 3.011849e-09
3694.75 2.998361e-09
3698.45 2.984080e-09
3702.16 2.958690e-09
3705.87 2.943615e-09
3709.59 2.965037e-09
3713.31 2.968211e-09
3717.03 3.155460e-09
3720.76 3.032479e-09
3724.49 3.103094e-09
3728.22 3.495840e-09
3731.96 3.296690e-09
3735.70 3.057868e-09
3739.44 3.688643e-09
3743.19 4.175807e-09
3746.95 3.700544e-09
3750.70 3.141972e-09
3754.46 3.785441e-09
3758.23 4.834352e-09
3761.99 5.162831e-09
3765.76 4.502699e-09
3769.54 3.407770e-09
3773.32 3.427605e-09
3777.10 4.785953e-09
3780.89 6.149854e-09
3784.68 6.722709e-09
3788.47 6.334723e-09
3792.27 5.127920e-09
3796.07 3.663253e-09
3799.88 3.290342e-09
3803.69 4.493971e-09
3807.50 6.080032e-09
3811.32 7.229708e-09
3815.14 7.758131e-09
3818.96 7.783520e-09
3822.79 7.257478e-09
3826.62 6.176831e-09
3830.46 4.703436e-09
3834.30 3.371272e-09
3838.14 3.344296e-09
3841.99 4.716131e-09
3845.84 6.302192e-09
3849.70 7.467737e-09
3853.56 8.140563e-09
3857.42 8.457934e-09
3861.29 8.616619e-09
3865.16 8.664225e-09
3869.03 8.537277e-09
3872.91 8.077088e-09
3876.80 7.243990e-09
3880.68 6.035600e-09
3884.57 4.527295e-09
3888.47 3.279234e-09
3892.36 3.471244e-09
3896.27 4.857361e-09
3900.17 6.259347e-09
3904.08 7.319366e-09
3908.00 8.100892e-09
3911.91 8.576948e-09
3915.84 8.807041e-09
3919.76 8.957793e-09
3923.69 9.021267e-09
3927.62 8.918121e-09
3931.56 8.418263e-09
3935.50 8.132629e-09
3939.45 8.529342e-09
3943.40 8.640422e-09
3947.35 8.442065e-09
3951.31 8.092957e-09
3955.27 7.497094e-09
3959.24 6.541014e-09
3963.20 5.215990e-09
3967.18 3.734661e-09
3971.15 3.029305e-09
3975.14 3.873511e-09
3979.12 5.345319e-09
3983.11 6.597347e-09
3987.10 7.477258e-09
3991.10 8.037417e-09
3995.10 8.354788e-09
3999.11 8.521408e-09
4003.12 8.600750e-09
4007.13 8.664225e-09
4011.15 8.727699e-09
4015.17 8.759436e-09
4019.19 8.783239e-09
4023.22 8.719764e-09
4027.25 8.640422e-09
4031.29 8.656291e-09
4035.33 8.703896e-09
4039.38 8.703896e-09
4043.43 8.632488e-09
4047.48 8.553145e-09
4051.54 8.553145e-09
4055.60 8.513473e-09
4059.67 8.449999e-09
4063.74 8.315117e-09
4067.81 8.196102e-09
4071.89 8.069154e-09
4075.97 7.889047e-09
4080.06 7.635943e-09
4084.15 7.251131e-09
4088.24 6.600521e-09
4092.34 5.628572e-09
4096.44 4.350361e-09
4100.55 3.180056e-09
4104.66 3.139591e-09
4108.77 4.257530e-09
4112.89 5.510352e-09
4117.02 6.461671e-09
4121.14 7.084511e-09
4125.28 7.435999e-09
4129.41 7.587544e-09
4133.55 7.743849e-09
4137.69 7.915229e-09
4141.84 7.973943e-09
4145.99 7.981877e-09
4150.15 8.021549e-09
4154.31 8.029483e-09
4158.48 8.021549e-09
4162.65 8.021549e-09
4166.82 7.997746e-09
4171.00 7.934272e-09
4175.18 7.864450e-09
4179.36 7.862070e-09
4183.55 7.884286e-09
4187.75 7.889840e-09
4191.94 7.889047e-09
4196.15 7.852549e-09
4200.35 7.792249e-09
4204.56 7.797802e-09
4208.78 7.818431e-09
4213.00 7.785901e-09
4217.22 7.735915e-09
4221.45 7.713699e-09
4225.68 7.651812e-09
4229.92 7.597065e-09
4234.16 7.567708e-09
4238.40 7.585164e-09
4242.65 7.573262e-09
4246.91 7.523276e-09
4251.16 7.505028e-09
4255.43 7.513755e-09
4259.69 7.485985e-09
4263.96 7.475671e-09
4268.24 7.449488e-09
4272.52 7.370145e-09
4276.80 7.372525e-09
4281.09 7.382047e-09
4285.38 7.339995e-09
4289.67 7.265413e-09
4293.97 7.182896e-09
4298.28 7.088478e-09
4302.59 6.982952e-09
4306.90 6.907577e-09
4311.22 6.800464e-09
4315.54 6.621150e-09
4319.87 6.363286e-09
4324.20 5.921347e-09
4328.53 5.267563e-09
4332.87 4.378924e-09
4337.22 3.309385e-09
4341.56 2.748432e-09
4345.92 3.332394e-09
4350.27 4.367817e-09
4354.63 5.245347e-09
4359.00 5.884056e-09
4363.37 6.283150e-09
4367.74 6.511657e-09
4372.12 6.643366e-09
4376.51 6.726676e-09
4380.89 6.736196e-09
4385.29 6.690178e-09
4389.68 6.734610e-09
4394.08 6.768727e-09
4398.49 6.778248e-09
4402.90 6.782215e-09
4407.31 6.786976e-09
4411.73 6.778248e-09
4416.15 6.720328e-09
4420.58 6.732229e-09
4425.01 6.769520e-09
4429.45 6.755239e-09
4433.89 6.730643e-09
4438.33 6.713187e-09
4442.78 6.670342e-09
4447.24 6.647333e-09
4451.69 6.648126e-09
4456.16 6.639398e-09
4460.62 6.625117e-09
4465.10 6.583859e-09
4469.57 6.523558e-09
4474.05 6.507689e-09
4478.54 6.433901e-09
4483.03 6.360112e-09
4487.52 6.435488e-09
4492.02 6.459290e-09
4496.52 6.463258e-09
4501.03 6.443422e-09
4505.54 6.414859e-09
4510.06 6.389469e-09
4514.58 6.367253e-09
4519.11 6.329169e-09
4523.64 6.302192e-09
4528.17 6.311713e-09
4532.71 6.293464e-09
4537.26 6.279976e-09
4541.81 6.271248e-09
4546.36 6.210155e-09
4550.92 6.133985e-09
4555.48 6.126051e-09
4560.05 6.146680e-09
4564.62 6.173657e-09
4569.19 6.170483e-09
4573.77 6.136366e-09
4578.36 6.104629e-09
4582.95 6.050676e-09
4587.54 6.034014e-09
4592.14 6.063370e-09
4596.75 6.081619e-09
4601.35 6.080032e-09
4605.97 6.067338e-09
4610.58 6.047502e-09
4615.21 6.007037e-09
4619.83 5.961812e-09
4624.46 5.948324e-09
4629.10 5.917380e-09
4633.74 5.893577e-09
4638.39 5.904685e-09
4643.04 5.916586e-09
4647.69 5.903892e-09
4652.35 5.884056e-09
4657.01 5.862633e-09
4661.68 5.842004e-09
4666.36 5.815028e-09
4671.03 5.799159e-09
4675.72 5.796779e-09
4680.41 5.787258e-09
4685.10 5.770596e-09
4689.79 5.750760e-09
4694.50 5.733305e-09
4699.20 5.713469e-09
4703.91 5.689666e-09
4708.63 5.674591e-09
4713.35 5.657136e-09
4718.07 5.637300e-09
4722.80 5.623018e-09
4727.54 5.603183e-09
4732.28 5.576206e-09
4737.02 5.561131e-09
4741.77 5.551610e-09
4746.52 5.538915e-09
4751.28 5.523840e-09
4756.05 5.505591e-09
4760.81 5.484169e-09
4765.59 5.461953e-09
4770.36 5.444497e-09
4775.15 5.426248e-09
4779.93 5.404032e-09
4784.73 5.383404e-09
4789.52 5.361981e-09
4794.32 5.338178e-09
4799.13 5.308028e-09
4803.94 5.272323e-09
4808.76 5.238999e-09
4813.58 5.201708e-09
4818.40 5.150136e-09
4823.23 5.076347e-09
4828.07 4.990657e-09
4832.91 4.878784e-09
4837.75 4.703436e-09
4842.60 4.436051e-09
4847.46 4.035371e-09
4852.32 3.468070e-09
4857.18 2.757159e-09
4862.05 2.304906e-09
4866.93 2.634972e-09
4871.81 3.330014e-09
4876.69 3.902075e-09
4881.58 4.297202e-09
4886.47 4.544751e-09
4891.37 4.690742e-09
4896.27 4.791507e-09
4901.18 4.857361e-09
4906.10 4.889892e-09
4911.01 4.903380e-09
4915.94 4.897826e-09
4920.87 4.861328e-09
4925.80 4.852601e-09
4930.74 4.891478e-09
4935.68 4.903380e-09
4940.63 4.900206e-09
4945.58 4.892272e-09
4950.54 4.875610e-09
4955.50 4.848633e-09
4960.47 4.835145e-09
4965.44 4.840699e-09
4970.42 4.833558e-09
4975.40 4.819277e-09
4980.39 4.797854e-09
4985.38 4.778812e-09
4990.38 4.767704e-09
4995.39 4.754216e-09
5000.39 4.729619e-09
5005.41 4.708197e-09
5010.42 4.701056e-09
5015.45 4.662971e-09
5020.48 4.627267e-09
5025.51 4.651863e-09
5030.55 4.658211e-09
5035.59 4.638375e-09
5040.64 4.613779e-09
5045.69 4.609019e-09
5050.75 4.600291e-09
5055.81 4.572521e-09
5060.88 4.568554e-09
5065.95 4.570141e-09
5071.03 4.556652e-09
5076.12 4.542370e-09
5081.21 4.532056e-09
5086.30 4.520948e-09
5091.40 4.506666e-09
5096.50 4.486037e-09
5101.61 4.467788e-09
5106.73 4.463821e-09
5111.85 4.456680e-09
5116.97 4.443192e-09
5122.10 4.427323e-09
5127.24 4.409868e-09
5132.38 4.392413e-09
5137.52 4.376544e-09
5142.67 4.359882e-09
5147.83 4.347981e-09
5152.99 4.340047e-09
5158.15 4.328145e-09
5163.32 4.289267e-09
5168.50 4.216272e-09
5173.68 4.207544e-09
5178.87 4.240075e-09
5184.06 4.222620e-09
5189.26 4.215479e-09
5194.46 4.210718e-09
5199.67 4.199610e-09
5204.88 4.203577e-09
5210.10 4.198816e-09
5215.32 4.185329e-09
5220.55 4.170253e-09
5225.78 4.142483e-09
5231.02 4.110746e-09
5236.27 4.097258e-09
5241.51 4.113126e-09
5246.77 4.117094e-09
5252.03 4.101225e-09
5257.29 4.080596e-09
5262.56 4.056793e-09
5267.84 4.034577e-09
5273.12 4.012361e-09
5278.41 4.005220e-09
5283.70 4.015535e-09
5289.00 4.018708e-09
5294.30 4.013155e-09
5299.61 4.000460e-09
5304.92 3.984591e-09
5310.24 3.961582e-09
5315.56 3.924291e-09
5320.89 3.913183e-09
5326.22 3.913183e-09
5331.56 3.902075e-09
5336.91 3.895727e-09
5342.26 3.894141e-09
5347.61 3.893347e-09
5352.98 3.885413e-09
5358.34 3.868751e-09
5363.71 3.843361e-09
5369.09 3.830666e-09
5374.47 3.827493e-09
5379.86 3.819558e-09
5385.25 3.806864e-09
5390.65 3.797342e-09
5396.06 3.783061e-09
5401.47 3.760845e-09
5406.88 3.746563e-09
5412.30 3.742596e-09
5417.73 3.735455e-09
5423.16 3.723554e-09
5428.60 3.710065e-09
5434.04 3.702925e-09
5439.49 3.698164e-09
5444.94 3.687850e-09
5450.40 3.675948e-09
5455.86 3.663253e-09
5461.33 3.652939e-09
5466.81 3.642624e-09
5472.29 3.633103e-09
5477.77 3.620408e-09
5483.26 3.610094e-09
5488.76 3.599779e-09
5494.26 3.589465e-09
5499.77 3.579150e-09
5505.28 3.565662e-09
5510.80 3.556140e-09
5516.33 3.550586e-09
5521.86 3.538685e-09
5527.39 3.518849e-09
5532.94 3.505361e-09
5538.48 3.500601e-09
5544.03 3.495047e-09
5549.59 3.484732e-09
5555.16 3.474418e-09
5560.72 3.464103e-09
5566.30 3.452202e-09
5571.88 3.440300e-09
5577.47 3.430779e-09
5583.06 3.420465e-09
5588.65 3.408563e-09
5594.26 3.400629e-09
5599.86 3.392695e-09
5605.48 3.383174e-09
5611.10 3.372066e-09
5616.72 3.359371e-09
5622.35 3.350643e-09
5627.99 3.341915e-09
5633.63 3.333188e-09
5639.28 3.322873e-09
5644.93 3.311765e-09
5650.59 3.301450e-09
5656.26 3.288756e-09
5661.93 3.277648e-09
5667.60 3.270507e-09
5673.29 3.262572e-09
5678.97 3.253051e-09
5684.67 3.242737e-09
5690.37 3.232422e-09
5696.07 3.223695e-09
5701.78 3.214173e-09
5707.50 3.203859e-09
5713.22 3.194338e-09
5718.95 3.185610e-09
5724.68 3.176089e-09
5730.42 3.166568e-09
5736.16 3.157047e-09
5741.91 3.147526e-09
5747.67 3.137211e-09
5753.43 3.126897e-09
5759.20 3.118169e-09
5764.97 3.108648e-09
5770.75 3.099920e-09
5776.54 3.089605e-09
5782.33 3.079291e-09
5788.13 3.070563e-09
5793.93 3.061835e-09
5799.74 3.052314e-09
5805.55 3.043587e-09
5811.37 3.034065e-09
5817.20 3.024544e-09
5823.03 3.015817e-09
5828.87 3.007089e-09
5834.71 2.997568e-09
5840.56 2.988840e-09
5846.41 2.980112e-09
5852.27 2.970591e-09
5858.14 2.960277e-09
5864.01 2.951549e-09
5869.89 2.941235e-09
5875.78 2.929333e-09
5881.67 2.919019e-09
5887.56 2.899976e-09
5893.47 2.881728e-09
5899.38 2.881728e-09
5905.29 2.885695e-09
5911.21 2.880141e-09
5917.14 2.872206e-09
5923.07 2.863479e-09
5929.01 2.854751e-09
5934.95 2.846023e-09
5940.90 2.838089e-09
5946.85 2.828568e-09
5952.82 2.817460e-09
5958.78 2.807145e-09
5964.76 2.800004e-09
5970.74 2.792864e-09
5976.72 2.782549e-09
5982.71 2.773028e-09
5988.71 2.766680e-09
5994.72 2.758746e-09
6000.73 2.751605e-09
6006.74 2.742878e-09
6012.76 2.732563e-09
6018.79 2.724629e-09
6024.82 2.717488e-09
6030.86 2.710347e-09
6036.91 2.702413e-09
6042.96 2.693685e-09
6049.02 2.684958e-09
6055.08 2.677023e-09
6061.16 2.669089e-09
6067.23 2.661155e-09
6073.31 2.653221e-09
6079.40 2.644493e-09
6085.50 2.636559e-09
6091.60 2.628624e-09
6097.70 2.620690e-09
6103.82 2.611962e-09
6109.94 2.604028e-09
6116.06 2.596094e-09
6122.19 2.588159e-09
6128.33 2.579432e-09
6134.47 2.571497e-09
6140.62 2.561976e-09
6146.78 2.548488e-09
6152.94 2.533413e-09
6159.11 2.522305e-09
6165.29 2.524685e-09
6171.47 2.523892e-09
6177.65 2.516751e-09
6183.85 2.510404e-09
6190.05 2.503263e-09
6196.25 2.495328e-09
6202.46 2.487394e-09
6208.68 2.480253e-09
6214.90 2.472319e-09
6221.14 2.465178e-09
6227.37 2.456451e-09
6233.61 2.445343e-09
6239.86 2.433441e-09
6246.12 2.423127e-09
6252.38 2.419160e-09
6258.65 2.417573e-09
6264.92 2.412019e-09
6271.20 2.404878e-09
6277.49 2.397737e-09
6283.78 2.390596e-09
6290.08 2.382662e-09
6296.39 2.374728e-09
6302.70 2.366793e-09
6309.02 2.358859e-09
6315.34 2.350925e-09
6321.68 2.342990e-09
6328.01 2.337436e-09
6334.36 2.329502e-09
6340.71 2.316014e-09
6347.06 2.297765e-09
6353.43 2.296178e-09
6359.80 2.299352e-09
6366.17 2.288244e-09
6372.55 2.273962e-09
6378.94 2.272375e-09
6385.34 2.270788e-09
6391.74 2.265235e-09
6398.15 2.258094e-09
6404.56 2.250159e-09
6410.98 2.242225e-09
6417.41 2.233497e-09
6423.84 2.227150e-09
6430.28 2.220803e-09
6436.73 2.212868e-09
6443.18 2.204934e-09
6449.64 2.194620e-09
6456.11 2.180338e-09
6462.58 2.176371e-09
6469.06 2.174784e-09
6475.54 2.167643e-09
6482.03 2.158122e-09
6488.53 2.147014e-09
6495.04 2.135906e-09
6501.55 2.125591e-09
6508.07 2.112897e-09
6514.59 2.094648e-09
6521.12 2.072432e-09
6527.66 2.043075e-09
6534.20 1.997056e-09
6540.75 1.922474e-09
6547.31 1.798699e-09
6553.87 1.597169e-09
6560.44 1.355967e-09
6567.02 1.324230e-09
6573.60 1.543216e-09
6580.19 1.749507e-09
6586.79 1.870901e-09
6593.39 1.937549e-09
6600.00 1.974047e-09
6606.62 1.993089e-09
6613.24 2.002610e-09
6619.87 2.006577e-09
6626.51 2.007371e-09
6633.15 2.005784e-09
6639.80 2.003404e-09
6646.46 1.999436e-09
6653.12 1.994676e-09
6659.79 1.989915e-09
6666.47 1.985155e-09
6673.15 1.979601e-09
6679.84 1.974047e-09
6686.54 1.969286e-09
6693.24 1.964526e-09
6699.95 1.958972e-09
6706.67 1.953418e-09
6713.39 1.947070e-09
6720.12 1.940723e-09
6726.86 1.933582e-09
6733.60 1.928822e-09
6740.35 1.924061e-09
6747.11 1.917714e-09
6753.87 1.912160e-09
6760.64 1.905812e-09
6767.42 1.901052e-09
6774.21 1.894704e-09
6781.00 1.889150e-09
6787.80 1.883596e-09
6794.60 1.877249e-09
6801.41 1.871695e-09
6808.23 1.866141e-09
6815.06 1.860587e-09
6821.89 1.854239e-09
6828.73 1.847892e-09
6835.57 1.842338e-09
6842.43 1.837577e-09
6849.29 1.831230e-09
6856.15 1.825676e-09
6863.02 1.819328e-09
6869.91 1.814568e-09
6876.79 1.809014e-09
6883.69 1.803460e-09
6890.59 1.797906e-09
6897.49 1.792352e-09
6904.41 1.786798e-09
6911.33 1.781244e-09
6918.26 1.775690e-09
6925.20 1.769343e-09
6932.14 1.764582e-09
6939.09 1.759028e-09
6946.04 1.753474e-09
6953.01 1.747920e-09
6959.98 1.742366e-09
6966.96 1.736812e-09
6973.94 1.732052e-09
6980.93 1.726498e-09
6987.93 1.720943e-09
6994.93 1.715389e-09
7001.95 1.708249e-09
7008.97 1.703488e-09
7015.99 1.698728e-09
7023.03 1.693174e-09
7030.07 1.688413e-09
7037.11 1.683652e-09
7044.17 1.678098e-09
7051.23 1.673338e-09
7058.30 1.667784e-09
7065.38 1.663023e-09
7072.46 1.657469e-09
7079.55 1.652709e-09
7086.65 1.647948e-09
7093.75 1.642394e-09
7100.86 1.636840e-09
7107.98 1.628113e-09
7115.11 1.618591e-09
7122.24 1.616211e-09
7129.38 1.615418e-09
7136.53 1.611451e-09
7143.68 1.605897e-09
7150.84 1.601136e-09
7158.01 1.595582e-09
7165.19 1.590821e-09
7172.37 1.586061e-09
7179.56 1.581300e-09
7186.76 1.575746e-09
7193.96 1.570986e-09
7201.18 1.567019e-09
7208.39 1.561465e-09
7215.62 1.556704e-09
7222.85 1.551150e-09
7230.10 1.546390e-09
7237.34 1.542422e-09
7244.60 1.536868e-09
7251.86 1.532108e-09
7259.13 1.527347e-09
7266.41 1.522587e-09
7273.69 1.518620e-09
7280.99 1.513066e-09
7288.28 1.508305e-09
7295.59 1.503545e-09
7302.91 1.498784e-09
7310.23 1.493230e-09
7317.55 1.489263e-09
7324.89 1.484502e-09
7332.23 1.480535e-09
7339.58 1.476568e-09
7346.94 1.471807e-09
7354.31 1.467047e-09
7361.68 1.462286e-09
7369.06 1.457526e-09
7376.45 1.453559e-09
7383.84 1.448005e-09
7391.25 1.443244e-09
7398.65 1.439277e-09
7406.07 1.434516e-09
7413.50 1.429756e-09
7420.93 1.424202e-09
7428.37 1.420235e-09
7435.82 1.416268e-09
7443.27 1.410714e-09
7450.73 1.406746e-09
7458.20 1.401986e-09
7465.68 1.396432e-09
7473.16 1.390878e-09
7480.65 1.386911e-09
7488.15 1.383737e-09
7495.66 1.380563e-09
7503.17 1.376596e-09
7510.70 1.371836e-09
7518.23 1.367075e-09
7525.76 1.363108e-09
7533.31 1.359934e-09
7540.86 1.355967e-09
7548.42 1.351206e-09
7555.99 1.347239e-09
7563.56 1.343272e-09
7571.14 1.338512e-09
7578.73 1.334544e-09
7586.33 1.329784e-09
7593.94 1.325817e-09
7601.55 1.321850e-09
7609.17 1.317883e-09
7616.80 1.313122e-09
7624.43 1.309155e-09
7632.08 1.305188e-09
7639.73 1.301221e-09
7647.39 1.296460e-09
7655.05 1.292493e-09
7662.73 1.287732e-09
7670.41 1.283765e-09
7678.10 1.280591e-09
7685.80 1.276624e-09
7693.50 1.271864e-09
7701.22 1.267897e-09
7708.94 1.263136e-09
7716.66 1.259169e-09
7724.40 1.255995e-09
7732.14 1.252822e-09
7739.90 1.248854e-09
7747.65 1.244094e-09
7755.42 1.240127e-09
7763.20 1.232192e-09
7770.98 1.213150e-09
7778.77 1.206803e-09
7786.57 1.218704e-09
7794.37 1.220291e-09
7802.19 1.217117e-09
7810.01 1.213150e-09
7817.84 1.209976e-09
7825.68 1.205216e-09
7833.52 1.201249e-09
7841.37 1.197282e-09
7849.24 1.193314e-09
7857.10 1.189347e-09
7864.98 1.185380e-09
7872.87 1.180620e-09
7880.76 1.175066e-09
7888.66 1.171892e-09
7896.57 1.165545e-09
7904.48 1.163958e-09
7912.41 1.163164e-09
7920.34 1.159991e-09
7928.28 1.156817e-09
7936.23 1.152056e-09
7944.18 1.147296e-09
7952.15 1.142535e-09
7960.12 1.140948e-09
7968.10 1.138568e-09
7976.09 1.133014e-09
7984.08 1.126667e-09
7992.09 1.121113e-09
8000.10 1.120319e-09
8008.12 1.119526e-09
8016.15 1.116352e-09
8024.19 1.113178e-09
8032.23 1.110005e-09
8040.28 1.106037e-09
8048.34 1.102864e-09
8056.41 1.098897e-09
8064.49 1.095723e-09
8072.57 1.092549e-09
8080.66 1.088582e-09
8088.77 1.085408e-09
8096.87 1.082235e-09
8104.99 1.078267e-09
8113.12 1.075094e-09
8121.25 1.071920e-09
8129.39 1.067953e-09
8137.54 1.064779e-09
8145.70 1.061606e-09
8153.87 1.058432e-09
8162.04 1.054465e-09
8170.22 1.051291e-09
8178.41 1.047324e-09
8186.61 1.042563e-09
8194.82 1.037803e-09
8203.03 1.034629e-09
8211.26 1.030662e-09
8219.49 1.027488e-09
8227.73 1.024315e-09
8235.98 1.021934e-09
8244.23 1.018761e-09
8252.50 1.016380e-09
8260.77 1.015587e-09
8269.05 1.014000e-09
8277.34 1.010826e-09
8285.64 1.007653e-09
8293.95 1.004479e-09
8302.26 1.002099e-09
8310.59 9.997182e-10
8318.92 9.965445e-10
8327.26 9.917840e-10
8335.60 9.870234e-10
8343.96 9.854365e-10
8352.33 9.838497e-10
8360.70 9.814695e-10
8369.08 9.782957e-10
8377.47 9.751220e-10
8385.87 9.711548e-10
8394.28 9.679811e-10
8402.69 9.648075e-10
8411.12 9.600468e-10
8419.55 9.568731e-10
8427.99 9.529060e-10
8436.44 9.433849e-10
8444.89 9.346572e-10
8453.36 9.362441e-10
8461.84 9.314834e-10
8470.32 9.243427e-10
8478.81 9.314834e-10
8487.31 9.322769e-10
8495.82 9.076807e-10
8504.34 8.894319e-10
8512.86 9.076807e-10
8521.40 9.275163e-10
8529.94 9.203755e-10
8538.49 8.775304e-10
8547.05 8.450000e-10
8555.62 8.751502e-10
8564.19 9.164084e-10
8572.78 9.291032e-10
8581.37 9.124412e-10
8589.98 8.592816e-10
8598.59 8.061220e-10
8607.21 8.291314e-10
8615.84 8.902253e-10
8624.47 9.259295e-10
8633.12 9.346572e-10
8641.78 9.227558e-10
8650.44 8.767370e-10
8659.11 7.927924e-10
8667.79 7.466943e-10
8676.48 8.037417e-10
8685.18 8.799108e-10
8693.89 9.243427e-10
8702.60 9.425914e-10
8711.33 9.457651e-10
8720.06 9.338638e-10
8728.80 9.013333e-10
8737.55 8.330985e-10
8746.31 7.399502e-10
8755.08 7.136877e-10
8763.86 7.885873e-10
8772.64 8.703896e-10
8781.44 9.179952e-10
8790.24 9.425914e-10
8799.05 9.521126e-10
8807.87 9.521126e-10
8816.70 9.473521e-10
8825.54 9.330704e-10
8834.39 9.060938e-10
8843.25 8.545211e-10
8852.11 7.720840e-10
8860.99 6.870286e-10
8869.87 6.929793e-10
8878.76 7.780347e-10
8887.66 8.513473e-10
8896.57 8.941924e-10
8905.49 9.148216e-10
8914.42 9.235492e-10
8923.36 9.267229e-10
8932.30 9.283098e-10
8941.26 9.298967e-10
8950.22 9.267229e-10
8959.19 9.195821e-10
8968.17 9.076807e-10
8977.16 8.894319e-10
8986.16 8.592816e-10
8995.17 8.092957e-10
9004.19 7.300323e-10
9013.22 6.494995e-10
9022.25 6.568783e-10
9031.30 7.383633e-10
9040.35 8.069154e-10
9049.41 8.450000e-10
9058.49 8.600751e-10
9067.57 8.688028e-10
9076.66 8.759436e-10
9085.76 8.751502e-10
9094.87 8.735633e-10
9103.98 8.759436e-10
9113.11 8.759436e-10
9122.25 8.759436e-10
9131.39 8.751502e-10
9140.54 8.727699e-10
9149.71 8.688028e-10
9158.88 8.632488e-10
9168.06 8.553145e-10
9177.25 8.442065e-10
9186.45 8.307183e-10
9195.66 8.092957e-10
9204.88 7.720840e-10
9214.11 7.097999e-10
9223.35 6.285530e-10
9232.59 5.942770e-10
9241.85 6.499755e-10
9251.11 7.206699e-10
9260.39 7.598652e-10
9269.67 7.848582e-10
9278.96 8.069154e-10
9288.27 8.156431e-10
9297.58 8.188168e-10
9306.90 8.196103e-10
9316.23 8.188168e-10
9325.57 8.172300e-10
9334.92 8.156431e-10
9344.28 8.140563e-10
9353.64 8.116760e-10
9363.02 8.092957e-10
9372.41 8.069154e-10
9381.80 8.029483e-10
9391.21 7.973943e-10
9400.62 7.917610e-10
9410.05 7.866831e-10
9419.48 7.874765e-10
9428.92 7.877145e-10
9438.38 7.851755e-10
9447.84 7.819225e-10
9457.31 7.781140e-10
9466.79 7.735915e-10
9476.28 7.683549e-10
9485.78 7.614521e-10
9495.29 7.522483e-10
9504.81 7.384426e-10
9514.34 7.165441e-10
9523.88 6.802051e-10
9533.42 6.206980e-10
9542.98 5.527014e-10
9552.55 5.473060e-10
9562.12 6.093521e-10
9571.71 6.660821e-10
9581.31 6.986919e-10
9590.91 7.155920e-10
9600.53 7.229708e-10
9610.15 7.261445e-10
9619.79 7.261445e-10
9629.43 7.256685e-10
9639.08 7.268586e-10
9648.75 7.259859e-10
9658.42 7.220980e-10
9668.10 7.217014e-10
9677.79 7.218600e-10
9687.50 7.200351e-10
9697.21 7.180516e-10
9706.93 7.162267e-10
9716.66 7.140051e-10
9726.40 7.115455e-10
9736.15 7.089272e-10
9745.91 7.065469e-10
9755.68 7.044046e-10
9765.46 7.021830e-10
9775.25 6.997234e-10
9785.05 6.972638e-10
9794.86 6.948835e-10
9804.68 6.924239e-10
9814.51 6.898056e-10
9824.35 6.870286e-10
9834.20 6.847277e-10
9844.06 6.822680e-10
9853.93 6.790150e-10
9863.80 6.764760e-10
9873.69 6.747304e-10
9883.59 6.713980e-10
9893.50 6.675103e-10
9903.42 6.663995e-10
9913.35 6.647333e-10
9923.28 6.617976e-10
9933.23 6.584652e-10
9943.19 6.559263e-10
9953.16 6.533079e-10
9963.14 6.499755e-10
9973.12 6.458497e-10
9983.12 6.406131e-10
9993.13 6.333929e-10
10003.15 6.235544e-10
10013.18 6.091140e-10
10023.22 5.848352e-10
10033.26 5.436563e-10
10043.32 4.870056e-10
10053.39 4.625680e-10
10063.47 5.026361e-10
10073.56 5.523840e-10
10083.66 5.817408e-10
10093.76 5.964192e-10
10103.88 6.042741e-10
10114.01 6.072098e-10
10124.15 6.083999e-10
10134.30 6.104628e-10
10144.46 6.111769e-10
10154.63 6.102248e-10
10164.81 6.088760e-10
10175.00 6.073685e-10
10185.20 6.056229e-10
10195.41 6.039568e-10
10205.63 6.022906e-10
10215.86 6.003864e-10
10226.11 5.984821e-10
10236.36 5.964986e-10
10246.62 5.945150e-10
10256.89 5.925314e-10
10267.17 5.906272e-10
10277.47 5.886436e-10
10287.77 5.865807e-10
10298.08 5.845971e-10
10308.41 5.826136e-10
10318.74 5.804713e-10
10329.09 5.780910e-10
10339.44 5.761868e-10
10349.81 5.745206e-10
10360.18 5.724577e-10
10370.57 5.702361e-10
10380.97 5.684906e-10
10391.37 5.666657e-10
10401.79 5.646821e-10
10412.22 5.627779e-10
10422.66 5.608737e-10
10433.10 5.588901e-10
10443.56 5.564305e-10
10454.03 5.530981e-10
10464.51 5.511145e-10
10475.00 5.504004e-10
10485.51 5.489723e-10
10496.02 5.468300e-10
10506.54 5.444497e-10
10517.07 5.425455e-10
10527.62 5.408793e-10
10538.17 5.388957e-10
10548.73 5.369915e-10
10559.31 5.354840e-10
10569.89 5.337384e-10
10580.49 5.315169e-10
10591.10 5.293746e-10
10601.72 5.277878e-10
10612.34 5.262802e-10
10622.98 5.245347e-10
10633.63 5.225511e-10
10644.29 5.208056e-10
10654.96 5.188220e-10
10665.65 5.162831e-10
10676.34 5.108084e-10
10687.04 5.038263e-10
10697.75 5.039850e-10
10708.48 5.058892e-10
10719.21 5.055718e-10
10729.96 5.034295e-10
10740.72 5.024774e-10
10751.48 5.012080e-10
10762.26 4.997798e-10
10773.05 4.985103e-10
10783.85 4.965267e-10
10794.66 4.944638e-10
10805.48 4.922422e-10
10816.32 4.896239e-10
10827.16 4.869263e-10
10838.01 4.848633e-10
10848.88 4.826418e-10
10859.76 4.789126e-10
10870.64 4.740727e-10
10881.54 4.689155e-10
10892.45 4.612192e-10
10903.37 4.482864e-10
10914.30 4.265464e-10
10925.24 3.931432e-10
10936.19 3.587084e-10
10947.16 3.622788e-10
10958.13 3.972690e-10
10969.12 4.255150e-10
10980.11 4.409868e-10
10991.12 4.492385e-10
11002.14 4.533643e-10
11013.17 4.550305e-10
11024.21 4.555065e-10
11035.26 4.555859e-10
11046.33 4.550305e-10
11057.40 4.541577e-10
11068.48 4.530469e-10
11079.58 4.518568e-10
11090.69 4.505079e-10
11101.81 4.491591e-10
11112.94 4.476516e-10
11124.08 4.460647e-10
11135.23 4.445573e-10
11146.39 4.432084e-10
11157.57 4.418596e-10
11168.75 4.403521e-10
11179.95 4.387652e-10
11191.16 4.371784e-10
11202.37 4.357502e-10
11213.61 4.343220e-10
11224.85 4.328939e-10
11236.10 4.313863e-10
11247.36 4.297201e-10
11258.64 4.280540e-10
11269.93 4.262291e-10
11281.22 4.221032e-10
11292.53 4.174220e-10
11303.85 4.172633e-10
11315.19 4.189296e-10
11326.53 4.176601e-10
11337.89 4.160732e-10
11349.25 4.158352e-10
11360.63 4.147244e-10
11372.02 4.131375e-10
11383.42 4.117094e-10
11394.83 4.103605e-10
11406.25 4.088530e-10
11417.69 4.076629e-10
11429.13 4.063934e-10
11440.59 4.045685e-10
11452.06 4.029023e-10
11463.54 4.020295e-10
11475.03 4.008394e-10
11486.54 3.994906e-10
11498.05 3.980624e-10
11509.58 3.966343e-10
11521.12 3.952854e-10
11532.67 3.938573e-10
11544.23 3.925084e-10
11555.80 3.910803e-10
11567.39 3.896521e-10
11578.98 3.883033e-10
11590.59 3.867957e-10
11602.21 3.850502e-10
11613.84 3.830666e-10
11625.49 3.813211e-10
11637.14 3.803690e-10
11648.81 3.783854e-10
11660.48 3.753704e-10
11672.17 3.745770e-10
11683.88 3.751324e-10
11695.59 3.747357e-10
11707.31 3.736249e-10
11719.05 3.722760e-10
11730.80 3.705305e-10
11742.56 3.670394e-10
11754.33 3.630723e-10
11766.11 3.637864e-10
11777.91 3.646591e-10
11789.72 3.637864e-10
11801.54 3.625169e-10
11813.37 3.613267e-10
11825.21 3.595812e-10
11837.07 3.574389e-10
11848.93 3.564868e-10
11860.81 3.560108e-10
11872.70 3.548206e-10
11884.60 3.529164e-10
11896.52 3.510122e-10
11908.44 3.507742e-10
11920.38 3.504568e-10
11932.33 3.491873e-10
11944.29 3.474418e-10
11956.27 3.459343e-10
11968.25 3.452202e-10
11980.25 3.437920e-10
11992.26 3.423638e-10
12004.29 3.416497e-10
12016.32 3.406183e-10
12028.37 3.389521e-10
12040.42 3.377620e-10
12052.50 3.370479e-10
12064.58 3.358577e-10
12076.67 3.341122e-10
12088.78 3.325253e-10
12100.90 3.317319e-10
12113.03 3.307798e-10
12125.17 3.299070e-10
12137.33 3.288756e-10
12149.50 3.277648e-10
12161.68 3.265746e-10
12173.87 3.253051e-10
12186.07 3.241150e-10
12198.29 3.230042e-10
12210.52 3.218934e-10
12222.76 3.207826e-10
12235.01 3.195131e-10
12247.28 3.181643e-10
12259.56 3.169741e-10
12271.85 3.158634e-10
12284.15 3.149906e-10
12296.46 3.139591e-10
12308.79 3.127690e-10
12321.13 3.114995e-10
12333.48 3.103094e-10
12345.85 3.091986e-10
12358.22 3.083258e-10
12370.61 3.073737e-10
12383.01 3.062629e-10
12395.43 3.052314e-10
12407.85 3.042000e-10
12420.29 3.030892e-10
12432.74 3.019784e-10
12445.21 3.007882e-10
12457.68 2.992807e-10
12470.17 2.979319e-10
12482.68 2.973765e-10
12495.19 2.965831e-10
12507.72 2.955516e-10
12520.25 2.944408e-10
12532.81 2.933300e-10
12545.37 2.921399e-10
12557.95 2.906324e-10
12570.54 2.892835e-10
12583.14 2.884108e-10
12595.75 2.875380e-10
12608.38 2.862685e-10
12621.02 2.852371e-10
12633.67 2.846023e-10
12646.34 2.837296e-10
12659.02 2.825394e-10
12671.71 2.813493e-10
12684.41 2.800798e-10
12697.13 2.788103e-10
12709.85 2.773821e-10
12722.60 2.757953e-10
12735.35 2.738117e-10
12748.12 2.713521e-10
12760.90 2.680197e-10
12773.69 2.628624e-10
12786.50 2.545314e-10
12799.32 2.402497e-10
12812.15 2.210488e-10
12824.99 2.156535e-10
12837.85 2.309666e-10
12850.72 2.462004e-10
12863.60 2.544521e-10
12876.50 2.584986e-10
12889.40 2.604028e-10
12902.33 2.611962e-10
12915.26 2.613549e-10
12928.21 2.611169e-10
12941.17 2.605615e-10
12954.14 2.599267e-10
12967.13 2.592920e-10
12980.13 2.584986e-10
12993.14 2.577845e-10
13006.17 2.569117e-10
13019.21 2.561183e-10
13032.26 2.552455e-10
13045.32 2.543727e-10
13058.40 2.535000e-10
13071.49 2.526272e-10
13084.60 2.517545e-10
13097.71 2.508817e-10
13110.84 2.500089e-10
13123.99 2.489774e-10
13137.14 2.481047e-10
13150.31 2.470732e-10
13163.50 2.458831e-10
13176.69 2.451690e-10
13189.90 2.446929e-10
13203.13 2.438995e-10
13216.36 2.430267e-10
13229.61 2.421540e-10
13242.87 2.413605e-10
13256.15 2.404878e-10
13269.44 2.396150e-10
13282.74 2.387422e-10
13296.06 2.379488e-10
13309.39 2.370760e-10
13322.73 2.362826e-10
13336.09 2.354098e-10
13349.46 2.345371e-10
13362.84 2.337436e-10
13376.23 2.328709e-10
13389.64 2.320774e-10
13403.07 2.312047e-10
13416.50 2.303319e-10
13429.95 2.295385e-10
13443.42 2.287451e-10
13456.89 2.277929e-10
13470.39 2.269202e-10
13483.89 2.262061e-10
13497.41 2.253333e-10
13510.94 2.244605e-10
13524.48 2.237465e-10
13538.04 2.229530e-10
13551.61 2.220803e-10
13565.20 2.213662e-10
13578.80 2.205728e-10
13592.41 2.197793e-10
13606.04 2.190652e-10
13619.68 2.182718e-10
13633.33 2.174784e-10
13647.00 2.166056e-10
13660.68 2.158122e-10
13674.37 2.150981e-10
13688.08 2.141460e-10
13701.81 2.131939e-10
13715.54 2.126385e-10
13729.29 2.120037e-10
13743.05 2.110516e-10
13756.83 2.103375e-10
13770.62 2.097028e-10
13784.43 2.090681e-10
13798.25 2.083540e-10
13812.08 2.076399e-10
13825.93 2.068465e-10
13839.79 2.061324e-10
13853.66 2.054183e-10
13867.55 2.047042e-10
13881.45 2.039901e-10
13895.37 2.031967e-10
13909.30 2.024826e-10
13923.24 2.016892e-10
13937.20 2.008958e-10
13951.17 2.001817e-10
13965.16 1.995469e-10
13979.16 1.989122e-10
13993.17 1.981188e-10
14007.20 1.974047e-10
14021.24 1.967699e-10
14035.30 1.960559e-10
14049.37 1.953418e-10
14063.45 1.946277e-10
14077.55 1.939929e-10
14091.67 1.932789e-10
14105.79 1.925648e-10
14119.93 1.918507e-10
14134.09 1.911366e-10
14148.26 1.905019e-10
14162.44 1.897878e-10
14176.64 1.890737e-10
14190.85 1.884390e-10
14205.08 1.877249e-10
14219.32 1.870901e-10
14233.57 1.863760e-10
14247.84 1.857413e-10
14262.13 1.851066e-10
14276.42 1.843925e-10
14290.74 1.837577e-10
14305.06 1.830436e-10
14319.40 1.824089e-10
14333.76 1.817742e-10
14348.13 1.811394e-10
14362.51 1.805047e-10
14376.91 1.797906e-10
14391.32 1.787591e-10
14405.75 1.776483e-10
14420.19 1.769343e-10
14434.65 1.765375e-10
14449.12 1.762995e-10
14463.61 1.759028e-10
14478.11 1.753474e-10
14492.62 1.746333e-10
14507.15 1.739986e-10
14521.69 1.732845e-10
14536.25 1.723324e-10
14550.82 1.716183e-10
14565.41 1.713803e-10
14580.01 1.709836e-10
14594.63 1.703488e-10
14609.26 1.697141e-10
14623.91 1.690000e-10
14638.57 1.682066e-10
14653.24 1.678098e-10
14667.93 1.673338e-10
14682.64 1.667784e-10
14697.35 1.662230e-10
14712.09 1.656676e-10
14726.84 1.650328e-10
14741.60 1.643981e-10
14756.38 1.637634e-10
14771.17 1.631286e-10
14785.98 1.624939e-10
14800.80 1.620178e-10
14815.64 1.615418e-10
14830.49 1.609864e-10
14845.36 1.603516e-10
14860.24 1.597169e-10
14875.14 1.589235e-10
14890.05 1.585267e-10
14904.98 1.582094e-10
14919.92 1.577333e-10
14934.88 1.571779e-10
14949.85 1.566225e-10
14964.84 1.559878e-10
14979.84 1.554324e-10
14994.86 1.549563e-10
15009.89 1.544009e-10
15024.94 1.536075e-10
15040.00 1.528934e-10
15055.08 1.524967e-10
15070.17 1.521793e-10
15085.28 1.516239e-10
15100.40 1.510685e-10
15115.54 1.505925e-10
15130.70 1.500371e-10
15145.86 1.494817e-10
15161.05 1.490056e-10
15176.25 1.484502e-10
15191.46 1.478155e-10
15206.69 1.473394e-10
15221.94 1.468634e-10
15237.20 1.463080e-10
15252.47 1.455145e-10
15267.76 1.448798e-10
15283.07 1.445624e-10
15298.39 1.442451e-10
15313.72 1.436103e-10
15329.08 1.426582e-10
15344.44 1.417854e-10
15359.83 1.415474e-10
15375.23 1.416268e-10
15390.64 1.413094e-10
15406.07 1.405159e-10
15421.51 1.391671e-10
15436.97 1.378183e-10
15452.45 1.375803e-10
15467.94 1.380563e-10
15483.45 1.382944e-10
15498.97 1.381357e-10
15514.51 1.373422e-10
15530.06 1.358347e-10
15545.63 1.336131e-10
15561.21 1.321850e-10
15576.81 1.328197e-10
15592.43 1.340892e-10
15608.06 1.347239e-10
15623.71 1.347239e-10
15639.37 1.341685e-10
15655.05 1.331371e-10
15670.74 1.311535e-10
15686.45 1.279005e-10
15702.18 1.252821e-10
15717.92 1.261549e-10
15733.68 1.285352e-10
15749.45 1.300427e-10
15765.24 1.305188e-10
15781.04 1.305981e-10
15796.86 1.302807e-10
15812.70 1.296460e-10
15828.55 1.283765e-10
15844.42 1.261549e-10
15860.30 1.221878e-10
15876.20 1.175859e-10
15892.12 1.171098e-10
15908.05 1.207596e-10
15924.00 1.239333e-10
15939.96 1.254408e-10
15955.94 1.259962e-10
15971.94 1.260756e-10
15987.95 1.258375e-10
16003.98 1.253615e-10
16020.02 1.247268e-10
16036.08 1.239333e-10
16052.16 1.225052e-10
16068.25 1.200455e-10
16084.36 1.156817e-10
16100.49 1.096516e-10
16116.63 1.072714e-10
16132.78 1.113178e-10
16148.96 1.159991e-10
16165.15 1.186967e-10
16181.35 1.198869e-10
16197.57 1.203629e-10
16213.81 1.204422e-10
16230.07 1.202836e-10
16246.34 1.200455e-10
16262.62 1.196488e-10
16278.93 1.191728e-10
16295.25 1.186174e-10
16311.58 1.179033e-10
16327.93 1.168718e-10
16344.30 1.152850e-10
16360.69 1.128253e-10
16377.09 1.086202e-10
16393.51 1.024314e-10
16409.94 9.822628e-11
16426.39 1.010033e-10
16442.86 1.064779e-10
16459.35 1.100483e-10
16475.85 1.118732e-10
16492.36 1.127460e-10
16508.90 1.130634e-10
16525.45 1.131427e-10
16542.01 1.129840e-10
16558.60 1.127460e-10
16575.20 1.124286e-10
16591.81 1.120319e-10
16608.45 1.117145e-10
16625.10 1.112385e-10
16641.76 1.107624e-10
16658.45 1.102864e-10
16675.15 1.097310e-10
16691.86 1.090962e-10
16708.60 1.082235e-10
16725.35 1.071127e-10
16742.11 1.056052e-10
16758.90 1.031455e-10
16775.70 9.925774e-11
16792.52 9.338638e-11
16809.35 8.941924e-11
16826.20 9.211690e-11
16843.07 9.727417e-11
16859.96 1.006859e-10
16876.86 1.022728e-10
16893.78 1.029868e-10
16910.71 1.034629e-10
16927.67 1.036216e-10
16944.64 1.035422e-10
16961.62 1.033042e-10
16978.63 1.029868e-10
16995.65 1.026695e-10
17012.69 1.023521e-10
17029.74 1.020347e-10
17046.81 1.016380e-10
17063.90 1.013206e-10
17081.01 1.008446e-10
17098.13 1.003685e-10
17115.28 1.000512e-10
17132.43 9.973380e-11
17149.61 9.941643e-11
17166.80 9.894037e-11
17184.01 9.854365e-11
17201.24 9.806760e-11
17218.48 9.751220e-11
17235.74 9.695680e-11
17253.02 9.632206e-11
17270.32 9.544929e-11
17287.63 9.433849e-11
17304.96 9.267229e-11
17322.31 8.989530e-11
17339.68 8.537276e-11
17357.06 8.029483e-11
17374.46 7.997746e-11
17391.88 8.442065e-11
17409.31 8.830844e-11
17426.77 9.029201e-11
17444.24 9.116478e-11
17461.73 9.148216e-11
17479.23 9.172018e-11
17496.75 9.164084e-11
17514.29 9.148216e-11
17531.85 9.132347e-11
17549.43 9.108544e-11
17567.02 9.084741e-11
17584.63 9.053004e-11
17602.26 9.021267e-11
17619.91 8.981595e-11
17637.57 8.949858e-11
17655.25 8.918121e-11
17672.95 8.894319e-11
17690.67 8.862582e-11
17708.40 8.838778e-11
17726.16 8.799107e-11
17743.93 8.767370e-11
17761.72 8.727699e-11
17779.52 8.695962e-11
17797.35 8.664225e-11
17815.19 8.632488e-11
17833.05 8.600751e-11
17850.92 8.569014e-11
17868.82 8.537276e-11
17886.73 8.505539e-11
17904.67 8.473802e-11
17922.61 8.442065e-11
17940.58 8.410328e-11
17958.57 8.378591e-11
17976.57 8.338920e-11
17994.59 8.299248e-11
18012.63 8.235774e-11
18030.69 8.188168e-11
18048.77 8.164366e-11
18066.86 8.108825e-11
18084.97 8.037417e-11
18103.10 7.934272e-11
18121.25 7.775586e-11
18139.42 7.505028e-11
18157.60 7.081338e-11
18175.80 6.748098e-11
18194.03 6.917098e-11
18212.27 7.298737e-11
18230.52 7.539938e-11
18248.80 7.662920e-11
18267.09 7.729568e-11
18285.41 7.754957e-11
18303.74 7.750990e-11
18322.09 7.732742e-11
18340.46 7.719253e-11
18358.84 7.703384e-11
18377.25 7.679581e-11
18395.67 7.654192e-11
18414.11 7.627216e-11
18432.57 7.599445e-11
18451.05 7.571675e-11
18469.55 7.543112e-11
18488.06 7.515342e-11
18506.60 7.485192e-11
18525.15 7.452661e-11
18543.72 7.419337e-11
18562.31 7.387600e-11
18580.92 7.358244e-11
18599.55 7.325713e-11
18618.19 7.284455e-11
18636.86 7.240023e-11
18655.54 7.186864e-11
18674.24 7.111488e-11
18692.97 6.997234e-11
18711.71 6.799671e-11
18730.46 6.445802e-11
18749.24 6.066544e-11
18768.04 6.143507e-11
18786.85 6.514037e-11
18805.69 6.751272e-11
18824.54 6.853624e-11
18843.41 6.889328e-11
18862.30 6.904403e-11
18881.21 6.906783e-11
18900.14 6.894882e-11
18919.09 6.870286e-11
18938.05 6.848070e-11
18957.04 6.834582e-11
18976.04 6.817126e-11
18995.07 6.794910e-11
19014.11 6.771901e-11
19033.17 6.747305e-11
19052.25 6.723502e-11
19071.35 6.698905e-11
19090.47 6.673516e-11
19109.61 6.648920e-11
19128.77 6.623530e-11
19147.94 6.598140e-11
19167.14 6.572751e-11
19186.35 6.546567e-11
19205.59 6.520384e-11
19224.84 6.493408e-11
19244.11 6.465638e-11
19263.41 6.436281e-11
19282.72 6.405337e-11
19302.05 6.372807e-11
19321.40 6.334722e-11
19340.77 6.287910e-11
19360.16 6.225229e-11
19379.57 6.132399e-11
19398.99 5.983234e-11
19418.44 5.727751e-11
19437.91 5.400859e-11
19457.40 5.331830e-11
19476.90 5.592868e-11
19496.43 5.833276e-11
19515.97 5.956258e-11
19535.54 6.011004e-11
19555.12 6.031634e-11
19574.73 6.033220e-11
19594.35 6.026080e-11
19613.99 6.012591e-11
19633.66 5.996723e-11
19653.34 5.978474e-11
19673.04 5.960225e-11
19692.76 5.939596e-11
19712.51 5.915793e-11
19732.27 5.893577e-11
19752.05 5.875328e-11
19771.85 5.855492e-11
19791.67 5.834863e-11
19811.51 5.813441e-11
19831.37 5.792018e-11
19851.25 5.770596e-11
19871.16 5.749967e-11
19891.08 5.728544e-11
19911.02 5.707122e-11
19930.98 5.685699e-11
19950.96 5.665070e-11
19970.96 5.643647e-11
19990.98 5.623018e-11
20011.02 5.601596e-11
20031.08 5.580967e-11
20051.16 5.559544e-11
20071.27 5.538915e-11
20091.39 5.519079e-11
20111.53 5.498450e-11
20131.69 5.477028e-11
20151.87 5.456399e-11
20172.07 5.436563e-11
20192.30 5.415934e-11
20212.54 5.395305e-11
20232.80 5.375469e-11
20253.09 5.355633e-11
20273.39 5.335004e-11
20293.71 5.314375e-11
20314.06 5.294539e-11
20334.42 5.275497e-11
20354.81 5.255662e-11
20375.21 5.235826e-11
20395.64 5.215990e-11
20416.09 5.196948e-11
20436.55 5.177906e-11
20457.04 5.158070e-11
20477.55 5.139028e-11
20498.08 5.119192e-11
20518.63 5.100150e-11
20539.20 5.081108e-11
20559.79 5.062065e-11
20580.40 5.043023e-11
20601.03 5.023187e-11
20621.68 5.004145e-11
20642.36 4.985103e-11
20663.05 4.966854e-11
20683.77 4.948605e-11
20704.50 4.929563e-11
20725.26 4.911314e-11
20746.04 4.893065e-11
20766.83 4.874817e-11
20787.65 4.856568e-11
20808.49 4.838319e-11
20829.35 4.820070e-11
20850.23 4.801821e-11
20871.14 4.783572e-11
20892.06 4.765324e-11
20913.00 4.746281e-11
20933.97 4.728826e-11
20954.96 4.712164e-11
20975.96 4.694709e-11
20996.99 4.675666e-11
21018.04 4.655831e-11
21039.11 4.638375e-11
21060.20 4.623300e-11
21081.32 4.606638e-11
21102.45 4.589183e-11
21123.61 4.570934e-11
21144.78 4.552685e-11
21165.98 4.533643e-11
21187.20 4.513807e-11
21208.44 4.495558e-11
21229.70 4.481277e-11
21250.98 4.462234e-11
21272.29 4.443985e-11
21293.61 4.429704e-11
21314.96 4.414629e-11
21336.33 4.398760e-11
21357.72 4.380511e-11
21379.13 4.362263e-11
21400.56 4.345601e-11
21422.02 4.327352e-11
21443.49 4.309103e-11
21464.99 4.290061e-11
21486.51 4.269432e-11
21508.05 4.246422e-11
21529.61 4.219446e-11
21551.19 4.185328e-11
21572.80 4.139309e-11
21594.42 4.067108e-11
21616.07 3.944920e-11
21637.74 3.750530e-11
21659.43 3.612474e-11
21681.15 3.710066e-11
21702.88 3.877479e-11
21724.64 3.973483e-11
21746.42 4.015535e-11
21768.22 4.031403e-11
21790.04 4.032990e-11
21811.89 4.029023e-11
21833.75 4.020296e-11
21855.64 4.009981e-11
21877.55 3.997286e-11
21899.49 3.984591e-11
21921.44 3.971896e-11
21943.42 3.957615e-11
21965.41 3.944127e-11
21987.43 3.929845e-11
22009.48 3.915563e-11
22031.54 3.900488e-11
22053.63 3.885413e-11
22075.74 3.871131e-11
22097.87 3.857643e-11
22120.02 3.843361e-11
22142.20 3.827492e-11
22164.39 3.810037e-11
22186.61 3.798136e-11
22208.86 3.786235e-11
22231.12 3.772746e-11
22253.41 3.758464e-11
22275.72 3.744183e-11
22298.05 3.729901e-11
22320.40 3.716413e-11
22342.78 3.702131e-11
22365.18 3.687849e-11
22387.60 3.674361e-11
22410.04 3.660873e-11
22432.51 3.646591e-11
22455.00 3.633103e-11
22477.51 3.619615e-11
22500.04 3.605333e-11
22522.60 3.591845e-11
22545.18 3.577563e-11
22567.78 3.564075e-11
22590.40 3.551380e-11
22613.05 3.537892e-11
22635.72 3.524403e-11
22658.41 3.511709e-11
22681.13 3.498220e-11
22703.86 3.484732e-11
22726.62 3.472037e-11
22749.41 3.459343e-11
22772.21 3.445854e-11
22795.04 3.433159e-11
22817.89 3.419671e-11
22840.77 3.406976e-11
22863.67 3.395075e-11
22886.59 3.381587e-11
22909.53 3.368892e-11
22932.50 3.356197e-11
22955.49 3.344296e-11
22978.50 3.331601e-11
23001.54 3.319699e-11
23024.60 3.307004e-11
23047.68 3.295103e-11
23070.78 3.282408e-11
23093.91 3.270507e-11
23117.06 3.257812e-11
23140.24 3.245910e-11
23163.44 3.234009e-11
23186.66 3.222108e-11
23209.90 3.210206e-11
23233.17 3.198305e-11
23256.46 3.186404e-11
23279.78 3.174502e-11
23303.12 3.162601e-11
23326.48 3.150699e-11
23349.86 3.138798e-11
23373.27 3.126896e-11
23396.70 3.115789e-11
23420.16 3.103887e-11
23443.64 3.091986e-11
23467.14 3.080878e-11
23490.66 3.068976e-11
23514.21 3.057868e-11
23537.79 3.046760e-11
23561.38 3.034859e-11
23585.00 3.023751e-11
23608.65 3.012643e-11
23632.31 3.001535e-11
23656.01 2.989634e-11
23679.72 2.978526e-11
23703.46 2.967418e-11
23727.22 2.956310e-11
23751.01 2.945202e-11
23774.82 2.934094e-11
23798.65 2.923779e-11
23822.51 2.912671e-11
23846.39 2.901563e-11
23870.30 2.890455e-11
23894.23 2.879347e-11
23918.18 2.869033e-11
23942.16 2.857925e-11
23966.16 2.847610e-11
23990.19 2.836502e-11
24014.24 2.825394e-11
24038.32 2.814286e-11
24062.41 2.803972e-11
24086.54 2.794450e-11
24110.68 2.783342e-11
24134.85 2.772235e-11
24159.05 2.761127e-11
24183.27 2.751605e-11
24207.51 2.742084e-11
24231.78 2.731770e-11
24256.07 2.721455e-11
24280.39 2.709554e-11
24304.73 2.698446e-11
24329.10 2.688131e-11
24353.49 2.679404e-11
24377.90 2.670676e-11
24402.34 2.661155e-11
24426.80 2.650047e-11
24451.29 2.637352e-11
24475.80 2.624657e-11
24500.34 2.614343e-11
24524.90 2.607202e-11
24549.49 2.600061e-11
24574.10 2.592127e-11
24598.73 2.582605e-11
24623.39 2.570704e-11
24648.08 2.557216e-11
24672.79 2.542141e-11
24697.52 2.529446e-11
24722.28 2.522305e-11
24747.07 2.518338e-11
24771.88 2.513577e-11
24796.71 2.506436e-11
24821.57 2.497709e-11
24846.45 2.486601e-11
24871.36 2.474699e-11
24896.29 2.458831e-11
24921.25 2.440582e-11
24946.24 2.424713e-11
24971.25 2.418366e-11
24996.28 2.418366e-11
25021.34 2.417573e-11
25046.42 2.413605e-11
25071.53 2.406465e-11
25096.67 2.398530e-11
25121.82 2.389009e-11
25147.01 2.377901e-11
25172.22 2.364413e-11
25197.45 2.346958e-11
25222.72 2.323155e-11
25248.00 2.299352e-11
25273.31 2.291418e-11
25298.65 2.297765e-11
25324.01 2.303319e-11
25349.40 2.304112e-11
25374.81 2.300145e-11
25400.25 2.294591e-11
25425.71 2.287451e-11
25451.20 2.278723e-11
25476.72 2.269202e-11
25502.26 2.258887e-11
25527.82 2.246192e-11
25553.41 2.231117e-11
25579.03 2.208901e-11
25604.68 2.177164e-11
25630.34 2.144634e-11
25656.04 2.137493e-11
25681.76 2.153361e-11
25707.50 2.167643e-11
25733.28 2.173197e-11
25759.07 2.172404e-11
25784.90 2.168436e-11
25810.75 2.162089e-11
25836.62 2.154155e-11
25862.52 2.147014e-11
25888.45 2.139873e-11
25914.40 2.131145e-11
25940.38 2.121624e-11
25966.39 2.111310e-11
25992.42 2.098615e-11
26018.48 2.082746e-11
26044.56 2.061324e-11
26070.67 2.028793e-11
26096.81 1.982775e-11
26122.97 1.947070e-11
26149.16 1.951037e-11
26175.37 1.962145e-11
26201.61 1.938343e-11
26227.88 1.867728e-11
26254.17 1.802667e-11
26280.49 1.836784e-11
26306.84 1.908986e-11
26333.21 1.951037e-11
26359.61 1.968493e-11
26386.04 1.974840e-11
26412.49 1.974840e-11
26438.97 1.972460e-11
26465.47 1.967699e-11
26492.00 1.962145e-11
26518.56 1.955005e-11
26545.15 1.947070e-11
26571.76 1.939136e-11
26598.40 1.928822e-11
26625.06 1.914540e-11
26651.75 1.895497e-11
26678.47 1.868521e-11
26705.22 1.823296e-11
26731.99 1.767756e-11
26758.79 1.749507e-11
26785.61 1.785211e-11
26812.47 1.822502e-11
26839.35 1.842338e-11
26866.25 1.849479e-11
26893.19 1.850272e-11
26920.15 1.847892e-11
26947.13 1.843925e-11
26974.15 1.838371e-11
27001.19 1.832817e-11
27028.26 1.826469e-11
27055.35 1.819329e-11
27082.48 1.812981e-11
27109.63 1.807427e-11
27136.80 1.801080e-11
27164.01 1.793939e-11
27191.24 1.787591e-11
27218.50 1.780451e-11
27245.79 1.773310e-11
27273.10 1.766169e-11
27300.44 1.759028e-11
27327.81 1.751887e-11
27355.21 1.743953e-11
27382.63 1.735225e-11
27410.08 1.724911e-11
27437.56 1.713009e-11
27465.07 1.697141e-11
27492.60 1.674925e-11
27520.16 1.639221e-11
27547.75 1.586061e-11
27575.37 1.540042e-11
27603.01 1.551943e-11
27630.68 1.595582e-11
27658.38 1.625732e-11
27686.11 1.640807e-11
27713.87 1.646361e-11
27741.65 1.646361e-11
27769.46 1.643981e-11
27797.30 1.640014e-11
27825.17 1.635253e-11
27853.06 1.630493e-11
27880.98 1.624939e-11
27908.93 1.619385e-11
27936.91 1.613037e-11
27964.92 1.607483e-11
27992.96 1.601136e-11
28021.02 1.595582e-11
28049.11 1.589235e-11
28077.23 1.583681e-11
28105.38 1.577333e-11
28133.55 1.571779e-11
28161.76 1.565432e-11
28189.99 1.559878e-11
28218.25 1.553530e-11
28246.54 1.547183e-11
28274.85 1.541629e-11
28303.20 1.535282e-11
28331.57 1.529728e-11
28359.98 1.523380e-11
28388.41 1.516239e-11
28416.87 1.509892e-11
28445.35 1.504338e-11
28473.87 1.497990e-11
28502.42 1.490850e-11
28530.99 1.482915e-11
28559.59 1.474188e-11
28588.22 1.463080e-11
28616.88 1.448005e-11
28645.57 1.425789e-11
28674.29 1.389291e-11
28703.03 1.338512e-11
28731.81 1.310742e-11
28760.61 1.338512e-11
28789.45 1.377390e-11
28818.31 1.398019e-11
28847.20 1.407540e-11
28876.12 1.409920e-11
28905.07 1.408333e-11
28934.04 1.405159e-11
28963.05 1.401986e-11
28992.08 1.398019e-11
29021.15 1.394052e-11
29050.24 1.389291e-11
29079.37 1.383737e-11
29108.52 1.378976e-11
29137.70 1.373422e-11
29166.91 1.367868e-11
29196.15 1.363108e-11
29225.42 1.358347e-11
29254.72 1.353587e-11
29284.05 1.348033e-11
29313.40 1.343272e-11
29342.79 1.338512e-11
29372.21 1.332958e-11
29401.65 1.328197e-11
29431.13 1.322643e-11
29460.63 1.317883e-11
29490.17 1.313122e-11
29519.73 1.307568e-11
29549.32 1.302807e-11
29578.95 1.298047e-11
29608.60 1.292493e-11
29638.28 1.287732e-11
29667.99 1.282972e-11
29697.74 1.278211e-11
29727.51 1.272657e-11
29757.31 1.267897e-11
29787.14 1.263136e-11
29817.00 1.258376e-11
29846.89 1.253615e-11
29876.82 1.248854e-11
29906.77 1.243300e-11
29936.75 1.238540e-11
29966.76 1.233779e-11
29996.80 1.229019e-11
30026.87 1.224258e-11
30056.98 1.218704e-11
30087.11 1.213944e-11
30117.27 1.208390e-11
30147.46 1.202836e-11
30177.69 1.196488e-11
30207.94 1.190141e-11
30238.22 1.181413e-11
30268.54 1.171098e-11
30298.88 1.154437e-11
30329.26 1.127460e-11
30359.66 1.086202e-11
30390.10 1.058432e-11
30420.56 1.076681e-11
30451.06 1.110005e-11
30481.59 1.128253e-11
30512.14 1.135394e-11
30542.73 1.137775e-11
30573.35 1.136981e-11
30604.00 1.134601e-11
30634.68 1.131427e-11
30665.39 1.128253e-11
30696.14 1.124286e-11
30726.91 1.120319e-11
30757.71 1.116352e-11
30788.55 1.112385e-11
30819.41 1.107624e-11
30850.31 1.103657e-11
30881.24 1.099690e-11
30912.20 1.095723e-11
30943.18 1.091756e-11
30974.21 1.086995e-11
31005.26 1.083028e-11
31036.34 1.079061e-11
31067.45 1.075094e-11
31098.60 1.071127e-11
31129.78 1.066366e-11
31160.98 1.062399e-11
31192.22 1.058432e-11
31223.49 1.054465e-11
31254.79 1.050498e-11
31286.13 1.045737e-11
31317.49 1.042563e-11
31348.89 1.038596e-11
31380.31 1.034629e-11
31411.77 1.030662e-11
31443.26 1.026695e-11
31474.79 1.022728e-11
31506.34 1.018761e-11
31537.92 1.014793e-11
31569.54 1.010826e-11
31601.19 1.006859e-11
31632.87 1.003685e-11
31664.58 9.997182e-12
31696.33 9.957511e-12
31728.10 9.917840e-12
31759.91 9.878169e-12
31791.75 9.838497e-12
31823.62 9.806760e-12
31855.52 9.767088e-12
31887.46 9.727417e-12
31919.42 9.687745e-12
31951.42 9.656009e-12
31983.46 9.616337e-12
32015.52 9.576666e-12
32047.61 9.544929e-12
32079.74 9.505258e-12
32111.90 9.465586e-12
32144.09 9.433849e-12
32176.32 9.394177e-12
32208.58 9.362441e-12
32240.86 9.322769e-12
32273.19 9.291032e-12
32305.54 9.251361e-12
32337.93 9.219623e-12
32370.35 9.179952e-12
32402.80 9.148215e-12
32435.28 9.108544e-12
32467.80 9.068872e-12
32500.35 9.037136e-12
32532.93 8.997464e-12
32565.54 8.965727e-12
32598.19 8.926056e-12
32630.87 8.894318e-12
32663.58 8.854647e-12
32696.33 8.814976e-12
32729.10 8.775304e-12
32761.92 8.727699e-12
32794.76 8.672159e-12
32827.64 8.592817e-12
32860.55 8.489671e-12
32893.49 8.330985e-12
32926.46 8.069155e-12
32959.47 7.807323e-12
32992.51 7.861277e-12
33025.59 8.100891e-12
33058.70 8.243709e-12
33091.84 8.299248e-12
33125.01 8.315117e-12
33158.22 8.307182e-12
33191.46 8.283380e-12
33224.74 8.267511e-12
33258.05 8.243709e-12
33291.39 8.211971e-12
33324.76 8.180234e-12
33358.17 8.156431e-12
33391.61 8.124694e-12
33425.09 8.092957e-12
33458.59 8.061220e-12
33492.14 8.037417e-12
33525.71 8.005680e-12
33559.32 7.973943e-12
33592.97 7.942206e-12
33626.64 7.913643e-12
33660.35 7.883492e-12
33694.10 7.851755e-12
33727.88 7.817638e-12
33761.69 7.788281e-12
33795.53 7.759717e-12
33829.41 7.731154e-12
33863.33 7.704178e-12
33897.28 7.675614e-12
33931.26 7.647051e-12
33965.28 7.617695e-12
33999.33 7.588337e-12
34033.41 7.558980e-12
34067.53 7.528830e-12
34101.68 7.501061e-12
34135.87 7.473290e-12
34170.09 7.444727e-12
34204.34 7.416957e-12
34238.63 7.388394e-12
34272.96 7.359831e-12
34307.32 7.331267e-12
34341.71 7.303497e-12
34376.14 7.276521e-12
34410.60 7.248751e-12
34445.10 7.220981e-12
34479.63 7.193211e-12
34514.19 7.166234e-12
34548.79 7.138464e-12
34583.43 7.111488e-12
34618.10 7.083718e-12
34652.80 7.056741e-12
34687.54 7.029765e-12
34722.32 7.002788e-12
34757.13 6.976605e-12
34791.97 6.949628e-12
34826.85 6.922652e-12
34861.76 6.896469e-12
34896.71 6.870286e-12
34931.70 6.844103e-12
34966.72 6.817126e-12
35001.77 6.790943e-12
35036.86 6.764760e-12
35071.98 6.739370e-12
35107.14 6.713981e-12
35142.34 6.687797e-12
35177.57 6.661614e-12
35212.83 6.636225e-12
35248.14 6.610835e-12
35283.47 6.585445e-12
35318.84 6.560849e-12
35354.25 6.535460e-12
35389.69 6.510070e-12
35425.17 6.484680e-12
35460.69 6.459291e-12
35496.24 6.434694e-12
35531.82 6.410891e-12
35567.44 6.386295e-12
35603.10 6.362493e-12
35638.79 6.337103e-12
35674.52 6.311713e-12
35710.28 6.286323e-12
35746.08 6.261727e-12
35781.92 6.238718e-12
35817.79 6.215709e-12
35853.69 6.193492e-12
35889.64 6.169690e-12
35925.62 6.145887e-12
35961.63 6.121291e-12
35997.68 6.095901e-12
36033.77 6.070511e-12
36069.90 6.045915e-12
36106.06 6.023699e-12
36142.25 6.003070e-12
36178.49 5.981647e-12
36214.75 5.960225e-12
36251.06 5.937216e-12
36287.40 5.914206e-12
36323.78 5.890403e-12
36360.19 5.865807e-12
36396.65 5.839624e-12
36433.13 5.813441e-12
36469.66 5.789638e-12
36506.22 5.770596e-12
36542.82 5.752347e-12
36579.45 5.732511e-12
36616.12 5.712676e-12
36652.83 5.692047e-12
36689.57 5.670624e-12
36726.35 5.647615e-12
36763.17 5.623812e-12
36800.03 5.598422e-12
36836.92 5.571446e-12
36873.85 5.542882e-12
36910.82 5.515112e-12
36947.82 5.494483e-12
36984.86 5.478615e-12
37021.94 5.463539e-12
37059.05 5.445290e-12
37096.20 5.424662e-12
37133.39 5.401652e-12
37170.62 5.374676e-12
37207.88 5.342145e-12
37245.18 5.302474e-12
37282.52 5.249314e-12
37319.90 5.159657e-12
37357.31 5.004145e-12
37394.76 4.849427e-12
37432.25 4.881164e-12
37469.77 5.006526e-12
37507.34 5.077141e-12
37544.94 5.109671e-12
37582.58 5.122366e-12
37620.25 5.121572e-12
37657.97 5.113638e-12
37695.72 5.100943e-12
37733.51 5.086662e-12
37771.34 5.070000e-12
37809.20 5.052544e-12
37847.11 5.035089e-12
37885.05 5.016047e-12
37923.03 4.996211e-12
37961.05 4.975582e-12
37999.10 4.953366e-12
38037.20 4.929563e-12
38075.33 4.902587e-12
38113.50 4.868469e-12
38151.71 4.829591e-12
38189.96 4.798648e-12
38228.24 4.789920e-12
38266.57 4.791507e-12
38304.93 4.789127e-12
38343.33 4.780399e-12
38381.77 4.767704e-12
38420.25 4.753422e-12
38458.76 4.737554e-12
38497.32 4.720098e-12
38535.91 4.702643e-12
38574.54 4.685188e-12
38613.21 4.666939e-12
38651.92 4.647896e-12
38690.67 4.628854e-12
38729.46 4.612192e-12
38768.29 4.593943e-12
38807.15 4.573314e-12
38846.06 4.553479e-12
38885.00 4.532056e-12
38923.98 4.506666e-12
38963.00 4.474136e-12
39002.06 4.432084e-12
39041.16 4.382892e-12
39080.30 4.352741e-12
39119.48 4.359089e-12
39158.70 4.373371e-12
39197.95 4.378131e-12
39237.25 4.373371e-12
39276.58 4.363056e-12
39315.96 4.350361e-12
39355.37 4.336080e-12
39394.83 4.321004e-12
39434.32 4.305136e-12
39473.85 4.288474e-12
39513.43 4.273399e-12
39553.04 4.257530e-12
39592.69 4.241662e-12
39632.38 4.225000e-12
39672.11 4.208338e-12
39711.89 4.192469e-12
39751.70 4.175014e-12
39791.55 4.158352e-12
39831.44 4.140896e-12
39871.37 4.124234e-12
39911.34 4.105986e-12
39951.35 4.087737e-12
39991.40 4.067901e-12
40031.49 4.044098e-12
40071.63 4.013948e-12
40111.80 3.972690e-12
40152.01 3.914770e-12
40192.26 3.857643e-12
40232.56 3.849709e-12
40272.89 3.878272e-12
40313.26 3.897314e-12
40353.68 3.894934e-12
40394.13 3.872718e-12
40434.63 3.819558e-12
40475.16 3.706892e-12
40515.74 3.599779e-12
40556.36 3.649765e-12
40597.01 3.748150e-12
40637.71 3.789408e-12
40678.45 3.797342e-12
40719.23 3.793375e-12
40760.05 3.783854e-12
40800.91 3.772746e-12
40841.82 3.760051e-12
40882.76 3.746563e-12
40923.75 3.733075e-12
40964.77 3.719587e-12
41005.84 3.706098e-12
41046.95 3.691817e-12
41088.10 3.677535e-12
41129.29 3.663253e-12
41170.52 3.649765e-12
41211.79 3.635483e-12
41253.11 3.620408e-12
41294.47 3.606126e-12
41335.86 3.591051e-12
41377.30 3.575976e-12
41418.78 3.559314e-12
41460.31 3.541859e-12
41501.87 3.521230e-12
41543.48 3.495840e-12
41585.12 3.460136e-12
41626.81 3.406183e-12
41668.54 3.333981e-12
41710.32 3.291929e-12
41752.13 3.320493e-12
41793.99 3.364131e-12
41835.89 3.386347e-12
41877.83 3.391901e-12
41919.81 3.389521e-12
41961.83 3.381587e-12
42003.90 3.372065e-12
42046.01 3.360958e-12
42088.16 3.349849e-12
42130.35 3.338742e-12
42172.59 3.326047e-12
42214.87 3.314145e-12
42257.19 3.301450e-12
42299.55 3.288756e-12
42341.96 3.276854e-12
42384.40 3.264159e-12
42426.89 3.251465e-12
42469.43 3.238770e-12
42512.00 3.226868e-12
42554.62 3.214174e-12
42597.28 3.201479e-12
42639.99 3.189577e-12
42682.73 3.176882e-12
42725.52 3.164981e-12
42768.35 3.152286e-12
42811.23 3.140385e-12
42854.15 3.128483e-12
42897.11 3.115788e-12
42940.11 3.103887e-12
42983.16 3.091986e-12
43026.25 3.079291e-12
43069.39 3.067389e-12
43112.56 3.055488e-12
43155.78 3.043587e-12
43199.05 3.030892e-12
43242.35 3.018990e-12
43285.70 3.007089e-12
43329.10 2.994394e-12
43372.54 2.981699e-12
43416.02 2.968211e-12
43459.54 2.954723e-12
43503.11 2.938854e-12
43546.72 2.921399e-12
43590.38 2.899183e-12
43634.08 2.867446e-12
43677.82 2.819840e-12
43721.61 2.752399e-12
43765.44 2.711141e-12
43809.31 2.738911e-12
43853.23 2.783343e-12
43897.20 2.805559e-12
43941.20 2.812699e-12
43985.25 2.811112e-12
44029.35 2.806352e-12
44073.49 2.798418e-12
44117.67 2.789690e-12
44161.90 2.780169e-12
44206.17 2.770648e-12
44250.49 2.760333e-12
44294.85 2.750019e-12
44339.26 2.739704e-12
44383.71 2.729389e-12
44428.20 2.719075e-12
44472.74 2.708760e-12
44517.32 2.698446e-12
44561.95 2.688131e-12
44606.63 2.677817e-12
44651.34 2.666709e-12
44696.11 2.656394e-12
44740.91 2.646080e-12
44785.77 2.635765e-12
44830.67 2.625450e-12
44875.61 2.615929e-12
44920.60 2.605615e-12
44965.63 2.595300e-12
45010.71 2.584986e-12
45055.83 2.574671e-12
45101.00 2.565150e-12
45146.21 2.554835e-12
45191.47 2.545314e-12
45236.78 2.535000e-12
45282.13 2.525479e-12
45327.52 2.515164e-12
45372.96 2.505643e-12
45418.45 2.496122e-12
45463.98 2.486601e-12
45509.56 2.476286e-12
45555.18 2.466765e-12
45600.85 2.457244e-12
45646.57 2.447723e-12
45692.33 2.438202e-12
45738.13 2.428681e-12
45783.99 2.418366e-12
45829.88 2.408845e-12
45875.83 2.399324e-12
45921.82 2.389803e-12
45967.86 2.380282e-12
46013.94 2.370760e-12
46060.07 2.360446e-12
46106.24 2.350925e-12
46152.47 2.340610e-12
46198.73 2.329502e-12
46245.05 2.318394e-12
46291.41 2.304906e-12
46337.82 2.289831e-12
46384.27 2.268408e-12
46430.77 2.235878e-12
46477.32 2.176371e-12
46523.91 2.114484e-12
46570.55 2.123211e-12
46617.24 2.156535e-12
46663.97 2.139080e-12
46710.75 2.099408e-12
46757.58 2.108136e-12
46804.45 2.147807e-12
46851.38 2.171610e-12
46898.34 2.179545e-12
46945.36 2.180338e-12
46992.42 2.177164e-12
47039.53 2.171610e-12
47086.69 2.165263e-12
47133.89 2.158122e-12
47181.15 2.150188e-12
47228.44 2.143047e-12
47275.79 2.135113e-12
47323.19 2.127178e-12
47370.63 2.119244e-12
47418.12 2.110516e-12
47465.65 2.102582e-12
47513.24 2.094648e-12
47560.87 2.086713e-12
47608.55 2.078779e-12
47656.28 2.070845e-12
47704.05 2.062911e-12
47751.88 2.054976e-12
47799.75 2.047042e-12
47847.67 2.039108e-12
47895.63 2.031174e-12
47943.65 2.023239e-12
47991.71 2.015305e-12
48039.82 2.007371e-12
48087.98 1.999436e-12
48136.19 1.992296e-12
48184.45 1.984361e-12
48232.75 1.976427e-12
48281.11 1.969286e-12
48329.51 1.961352e-12
48377.96 1.953418e-12
48426.46 1.946277e-12
48475.01 1.938342e-12
48523.60 1.931202e-12
48572.25 1.923268e-12
48620.94 1.916127e-12
48669.68 1.908986e-12
48718.48 1.901052e-12
48767.32 1.893911e-12
48816.20 1.885976e-12
48865.14 1.878836e-12
48914.13 1.871695e-12
48963.17 1.864554e-12
49012.25 1.857413e-12
49061.39 1.850272e-12
49110.57 1.843131e-12
49159.80 1.835197e-12
49209.09 1.828056e-12
49258.42 1.820915e-12
49307.80 1.814568e-12
49357.23 1.807427e-12
49406.71 1.800286e-12
49456.24 1.793145e-12
49505.82 1.786005e-12
49555.45 1.778864e-12
49605.13 1.772516e-12
49654.86 1.765375e-12
49704.64 1.758235e-12
49754.47 1.751094e-12
49804.35 1.744746e-12
49854.28 1.738399e-12
49904.26 1.731258e-12
49954.29 1.724911e-12
50004.36 1.717770e-12
50054.49 1.711422e-12
50104.67 1.704282e-12
50154.90 1.697141e-12
50205.18 1.690000e-12
50255.51 1.683652e-12
50305.90 1.677305e-12
50356.33 1.670958e-12
50406.81 1.664610e-12
50457.34 1.658263e-12
50507.93 1.651915e-12
50558.56 1.644774e-12
50609.25 1.638427e-12
50659.98 1.632080e-12
50710.77 1.624939e-12
50761.61 1.618591e-12
50812.49 1.611451e-12
50863.43 1.604310e-12
50914.42 1.596375e-12
50965.47 1.589235e-12
51016.56 1.581300e-12
51067.70 1.570986e-12
51118.90 1.557498e-12
51170.15 1.535282e-12
51221.44 1.497991e-12
51272.79 1.463080e-12
51324.19 1.471014e-12
51375.65 1.499577e-12
51427.15 1.516239e-12
51478.71 1.520206e-12
51530.31 1.519413e-12
51581.97 1.515446e-12
51633.68 1.510685e-12
51685.45 1.505131e-12
51737.26 1.500371e-12
51789.13 1.495610e-12
51841.05 1.490850e-12
51893.02 1.486089e-12
51945.04 1.480535e-12
51997.12 1.474981e-12
52049.24 1.469427e-12
52101.42 1.463873e-12
52153.65 1.458319e-12
52205.94 1.452765e-12
52258.28 1.447211e-12
52310.66 1.440864e-12
52363.11 1.435310e-12
52415.60 1.428962e-12
52468.15 1.422615e-12
52520.75 1.416267e-12
52573.40 1.409920e-12
52626.10 1.403573e-12
52678.86 1.398019e-12
52731.67 1.394052e-12
52784.53 1.390084e-12
52837.45 1.385324e-12
52890.42 1.380563e-12
52943.44 1.375009e-12
52996.52 1.370249e-12
53049.65 1.364695e-12
53102.83 1.359934e-12
53156.07 1.354380e-12
53209.36 1.348826e-12
53262.70 1.344066e-12
53316.09 1.338512e-12
53369.54 1.332958e-12
53423.05 1.328197e-12
53476.60 1.322643e-12
53530.21 1.317089e-12
53583.88 1.310742e-12
53637.60 1.304394e-12
53691.37 1.298047e-12
53745.19 1.290906e-12
53799.07 1.284559e-12
53853.01 1.281385e-12
53906.99 1.278211e-12
53961.04 1.274244e-12
54015.13 1.270277e-12
54069.28 1.266310e-12
54123.49 1.261549e-12
54177.75 1.257582e-12
54232.06 1.252822e-12
54286.43 1.248061e-12
54340.85 1.243300e-12
54395.32 1.238540e-12
54449.86 1.233779e-12
54504.44 1.228225e-12
54559.08 1.223465e-12
54613.78 1.218704e-12
54668.53 1.213944e-12
54723.33 1.209183e-12
54778.19 1.204422e-12
54833.11 1.199662e-12
54888.08 1.194901e-12
54943.11 1.189347e-12
54998.19 1.183793e-12
55053.32 1.178239e-12
55108.51 1.171892e-12
55163.76 1.163958e-12
55219.06 1.156817e-12
55274.42 1.152056e-12
55329.83 1.150469e-12
55385.30 1.148883e-12
55440.82 1.146502e-12
55496.40 1.143329e-12
55552.04 1.139361e-12
55607.73 1.135394e-12
55663.48 1.131427e-12
55719.28 1.126667e-12
55775.14 1.122699e-12
55831.05 1.118732e-12
55887.02 1.113972e-12
55943.05 1.110005e-12
55999.13 1.105244e-12
56055.27 1.101277e-12
56111.47 1.097310e-12
56167.72 1.092549e-12
56224.03 1.088582e-12
56280.39 1.083822e-12
56336.81 1.079854e-12
56393.29 1.075887e-12
56449.82 1.071127e-12
56506.42 1.067159e-12
56563.06 1.063192e-12
56619.77 1.058432e-12
56676.53 1.054465e-12
56733.35 1.049704e-12
56790.22 1.044944e-12
56847.15 1.040183e-12
56904.14 1.034629e-12
56961.19 1.028282e-12
57018.29 1.019554e-12
57075.45 1.010033e-12
57132.67 1.005272e-12
57189.95 1.006066e-12
57247.28 1.006859e-12
57304.67 1.006066e-12
57362.12 1.003685e-12
57419.63 1.000512e-12
57477.19 9.973380e-13
57534.81 9.941643e-13
57592.49 9.901971e-13
57650.23 9.870234e-13
57708.02 9.830563e-13
57765.87 9.790891e-13
57823.78 9.751220e-13
57881.75 9.711549e-13
57939.78 9.679811e-13
57997.86 9.640140e-13
58056.00 9.600468e-13
58114.21 9.560797e-13
58172.47 9.529060e-13
58230.78 9.489388e-13
58289.16 9.449717e-13
58347.60 9.410047e-13
58406.09 9.378309e-13
58464.64 9.338638e-13
58523.25 9.298967e-13
58581.92 9.259295e-13
58640.65 9.219624e-13
58699.44 9.179953e-13
58758.28 9.132347e-13
58817.19 9.076807e-13
58876.15 9.005398e-13
58935.18 8.902253e-13
58994.26 8.711830e-13
59053.40 8.489671e-13
59112.60 8.473802e-13
59171.86 8.632488e-13
59231.18 8.735633e-13
59290.56 8.751502e-13
59350.00 8.727699e-13
59409.50 8.680093e-13
59469.06 8.592816e-13
59528.67 8.489671e-13
59588.35 8.442065e-13
59648.09 8.481736e-13
59707.89 8.513474e-13
59767.74 8.521408e-13
59827.66 8.505539e-13
59887.64 8.481736e-13
59947.68 8.457934e-13
60007.77 8.434131e-13
60067.93 8.402394e-13
60128.15 8.370657e-13
60188.43 8.338919e-13
60248.77 8.307183e-13
60309.17 8.275445e-13
60369.63 8.243708e-13
60430.15 8.211971e-13
60490.73 8.180234e-13
60551.37 8.148497e-13
60612.07 8.116760e-13
60672.84 8.085023e-13
60733.66 8.053286e-13
60794.55 8.021549e-13
60855.49 7.989812e-13
60916.50 7.958074e-13
60977.57 7.929511e-13
61038.70 7.898567e-13
61099.89 7.867624e-13
61161.14 7.837474e-13
61222.46 7.806530e-13
61283.83 7.776380e-13
61345.27 7.745436e-13
61406.77 7.715286e-13
61468.33 7.685136e-13
61529.95 7.654986e-13
61591.64 7.624835e-13
61653.38 7.594685e-13
61715.19 7.565328e-13
61777.06 7.535178e-13
61838.99 7.505821e-13
61900.98 7.476464e-13
61963.04 7.446314e-13
62025.16 7.416957e-13
62087.34 7.387600e-13
62149.58 7.358244e-13
62211.89 7.328093e-13
62274.25 7.298736e-13
62336.68 7.268586e-13
62399.18 7.238436e-13
62461.73 7.206699e-13
62524.35 7.174168e-13
62587.03 7.137671e-13
62649.77 7.096413e-13
62712.58 7.043253e-13
62775.45 6.967877e-13
62838.38 6.859178e-13
62901.38 6.759999e-13
62964.44 6.763967e-13
63027.56 6.825854e-13
63090.74 6.861558e-13
63153.99 6.867906e-13
63217.30 6.859178e-13
63280.68 6.840929e-13
63344.12 6.819506e-13
63407.62 6.796497e-13
63471.19 6.771901e-13
63534.82 6.747305e-13
63598.51 6.721915e-13
63662.27 6.696525e-13
63726.09 6.670342e-13
63789.98 6.644953e-13
63853.92 6.618770e-13
63917.94 6.593380e-13
63982.02 6.567990e-13
64046.16 6.541807e-13
64110.36 6.516417e-13
64174.64 6.491028e-13
64238.97 6.465638e-13
64303.37 6.440248e-13
64367.83 6.415652e-13
64432.36 6.390263e-13
64496.96 6.364873e-13
64561.62 6.340277e-13
64626.34 6.315680e-13
64691.13 6.290291e-13
64755.98 6.265694e-13
64820.90 6.241098e-13
64885.88 6.216502e-13
64950.93 6.192699e-13
65016.04 6.168103e-13
65081.22 6.144300e-13
65146.46 6.119704e-13
65211.77 6.095901e-13
65277.15 6.072098e-13
65342.59 6.048296e-13
65408.09 6.024492e-13
65473.67 6.000690e-13
65539.30 5.976887e-13
65605.01 5.953877e-13
65670.78 5.930075e-13
65736.61 5.907065e-13
65802.51 5.884056e-13
65868.48 5.861046e-13
65934.51 5.838037e-13
66000.61 5.815028e-13
66066.78 5.792018e-13
66133.01 5.769009e-13
66199.31 5.745999e-13
66265.67 5.722990e-13
66332.10 5.700774e-13
66398.60 5.678558e-13
66465.17 5.656342e-13
66531.80 5.634127e-13
66598.50 5.611910e-13
66665.26 5.589694e-13
66732.09 5.567478e-13
66798.99 5.546056e-13
66865.96 5.523840e-13
66932.99 5.500830e-13
67000.09 5.478615e-13
67067.26 5.456399e-13
67134.50 5.432596e-13
67201.80 5.409587e-13
67269.17 5.384990e-13
67336.61 5.358807e-13
67404.11 5.329451e-13
67471.68 5.292952e-13
67539.32 5.242967e-13
67607.03 5.164418e-13
67674.81 5.065239e-13
67742.65 5.032709e-13
67810.56 5.085868e-13
67878.54 5.131094e-13
67946.59 5.145375e-13
68014.71 5.142995e-13
68082.89 5.131094e-13
68151.15 5.116018e-13
68219.47 5.098563e-13
68287.86 5.080314e-13
68356.32 5.062065e-13
68424.84 5.043816e-13
68493.44 5.024774e-13
68562.11 5.005732e-13
68630.84 4.986690e-13
68699.64 4.967647e-13
68768.51 4.948605e-13
68837.45 4.929563e-13
68906.46 4.909727e-13
68975.54 4.890685e-13
69044.69 4.871643e-13
69113.91 4.851807e-13
69183.19 4.832765e-13
69252.55 4.812929e-13
69321.98 4.793887e-13
69391.47 4.774051e-13
69461.04 4.754216e-13
69530.67 4.735967e-13
69600.38 4.718511e-13
69670.15 4.701056e-13
69739.99 4.682807e-13
69809.91 4.665352e-13
69879.89 4.647103e-13
69949.95 4.628854e-13
70020.07 4.611399e-13
70090.27 4.593150e-13
70160.53 4.574901e-13
70230.87 4.556652e-13
70301.28 4.539197e-13
70371.75 4.520948e-13
70442.30 4.503493e-13
70512.92 4.485244e-13
70583.61 4.466995e-13
70654.37 4.448746e-13
70725.20 4.429704e-13
70796.10 4.411455e-13
70867.08 4.392413e-13
70938.12 4.374957e-13
71009.24 4.359089e-13
71080.42 4.343220e-13
71151.68 4.327352e-13
71223.01 4.311483e-13
71294.41 4.294821e-13
71365.88 4.278159e-13
71437.43 4.261497e-13
71509.04 4.244835e-13
71580.73 4.228967e-13
71652.49 4.212305e-13
71724.32 4.195643e-13
71796.23 4.178981e-13
71868.20 4.162319e-13
71940.25 4.146450e-13
72012.37 4.129788e-13
72084.56 4.113126e-13
72156.83 4.096464e-13
72229.17 4.079803e-13
72301.58 4.063934e-13
72374.06 4.047272e-13
72446.61 4.029817e-13
72519.24 4.012361e-13
72591.94 3.994112e-13
72664.72 3.975863e-13
72737.56 3.959995e-13
72810.48 3.946507e-13
72883.47 3.933018e-13
72956.54 3.919530e-13
73029.68 3.905249e-13
73102.89 3.890967e-13
73176.18 3.875892e-13
73249.54 3.860817e-13
73322.97 3.845742e-13
73396.48 3.830666e-13
73470.06 3.815591e-13
73543.71 3.800516e-13
73617.44 3.785441e-13
73691.24 3.770366e-13
73765.11 3.755291e-13
73839.06 3.739422e-13
73913.09 3.724347e-13
73987.19 3.708479e-13
74061.36 3.692610e-13
74135.60 3.675948e-13
74209.92 3.657699e-13
74284.32 3.637070e-13
74358.79 3.611680e-13
74433.34 3.570422e-13
74507.95 3.491079e-13
74582.65 3.409357e-13
74657.42 3.431573e-13
74732.26 3.485526e-13
74807.18 3.488699e-13
74882.18 3.448235e-13
74957.25 3.364131e-13
75032.39 3.291136e-13
75107.61 3.314939e-13
75182.91 3.379206e-13
75258.28 3.413324e-13
75333.72 3.423638e-13
75409.25 3.422845e-13
75484.84 3.417291e-13
75560.52 3.408563e-13
75636.27 3.397455e-13
75712.09 3.386347e-13
75787.99 3.374446e-13
75863.97 3.361751e-13
75940.02 3.349849e-13
76016.15 3.337155e-13
76092.36 3.324460e-13
76168.64 3.311765e-13
76245.00 3.298277e-13
76321.44 3.285582e-13
76397.95 3.272887e-13
76474.54 3.260192e-13
76551.21 3.247497e-13
76627.95 3.234803e-13
76704.77 3.222108e-13
76781.66 3.209413e-13
76858.64 3.196718e-13
76935.69 3.184023e-13
77012.82 3.171328e-13
77090.02 3.159427e-13
77167.31 3.145939e-13
77244.67 3.133244e-13
77322.10 3.120549e-13
77399.62 3.107061e-13
77477.21 3.093572e-13
77554.88 3.078497e-13
77632.63 3.061835e-13
77710.46 3.042793e-13
77788.36 3.026131e-13
77866.35 3.017403e-13
77944.41 3.011850e-13
78022.55 3.005502e-13
78100.76 2.996774e-13
78179.06 2.987253e-13
78257.44 2.976145e-13
78335.89 2.965037e-13
78414.42 2.953929e-13
78493.03 2.942821e-13
78571.72 2.931713e-13
78650.49 2.919812e-13
78729.34 2.908704e-13
78808.26 2.897596e-13
78887.27 2.886488e-13
78966.35 2.874587e-13
79045.52 2.863479e-13
79124.76 2.852371e-13
79204.08 2.841263e-13
79283.48 2.830155e-13
79362.97 2.819047e-13
79442.53 2.807939e-13
79522.17 2.796831e-13
79601.89 2.785723e-13
79681.69 2.774615e-13
79761.57 2.763507e-13
79841.53 2.753192e-13
79921.57 2.742084e-13
80001.70 2.731770e-13
80081.90 2.721455e-13
80162.18 2.710347e-13
80242.54 2.700033e-13
80322.99 2.688925e-13
80403.51 2.678610e-13
80484.11 2.668296e-13
80564.80 2.657188e-13
80645.57 2.646873e-13
80726.41 2.635765e-13
80807.34 2.625451e-13
80888.35 2.615136e-13
80969.44 2.604028e-13
81050.61 2.592920e-13
81131.87 2.581019e-13
81213.20 2.569117e-13
81294.62 2.554835e-13
81376.12 2.538173e-13
81457.70 2.517544e-13
81539.36 2.500883e-13
81621.10 2.496915e-13
81702.93 2.496915e-13
81784.83 2.494535e-13
81866.82 2.488981e-13
81948.89 2.481047e-13
82031.05 2.473113e-13
82113.28 2.463591e-13
82195.60 2.454864e-13
82278.00 2.445343e-13
82360.49 2.435821e-13
82443.05 2.426300e-13
82525.70 2.416779e-13
82608.43 2.408052e-13
82691.25 2.398530e-13
82774.15 2.389009e-13
82857.13 2.379488e-13
82940.19 2.369967e-13
83023.34 2.360446e-13
83106.57 2.351718e-13
83189.89 2.342197e-13
83273.28 2.332676e-13
83356.77 2.323948e-13
83440.33 2.314427e-13
83523.98 2.305699e-13
83607.71 2.296178e-13
83691.53 2.287451e-13
83775.43 2.277929e-13
83859.42 2.269202e-13
83943.49 2.260474e-13
84027.64 2.251746e-13
84111.88 2.242225e-13
84196.20 2.233498e-13
84280.61 2.224770e-13
84365.10 2.216042e-13
84449.67 2.207314e-13
84534.33 2.198587e-13
84619.08 2.189859e-13
84703.91 2.181131e-13
84788.83 2.172404e-13
84873.83 2.164469e-13
84958.91 2.155742e-13
85044.08 2.147014e-13
85129.34 2.138286e-13
85214.68 2.130352e-13
85300.11 2.121624e-13
85385.62 2.112897e-13
85471.22 2.104962e-13
85556.91 2.096235e-13
85642.68 2.088300e-13
85728.54 2.079573e-13
85814.48 2.070845e-13
85900.51 2.062911e-13
85986.62 2.054183e-13
86072.83 2.045455e-13
86159.11 2.035934e-13
86245.49 2.026413e-13
86331.95 2.015305e-13
86418.50 2.001023e-13
86505.13 1.981981e-13
86591.85 1.959765e-13
86678.66 1.951037e-13
86765.56 1.956591e-13
86852.54 1.959765e-13
86939.61 1.958178e-13
87026.77 1.953418e-13
87114.01 1.945483e-13
87201.34 1.936756e-13
87288.76 1.924854e-13
87376.27 1.907399e-13
87463.87 1.876455e-13
87551.55 1.834404e-13
87639.32 1.826469e-13
87727.18 1.853446e-13
87815.12 1.870108e-13
87903.16 1.873282e-13
87991.28 1.870901e-13
88079.49 1.866141e-13
88167.79 1.859793e-13
88256.18 1.853446e-13
88344.66 1.846305e-13
88433.22 1.839164e-13
88521.88 1.832023e-13
88610.62 1.824882e-13
88699.45 1.817742e-13
88788.37 1.810601e-13
88877.38 1.804253e-13
88966.48 1.797113e-13
89055.67 1.789972e-13
89144.95 1.782831e-13
89234.32 1.775690e-13
89323.78 1.769343e-13
89413.32 1.762202e-13
89502.96 1.755061e-13
89592.69 1.747920e-13
89682.51 1.741573e-13
89772.41 1.734432e-13
89862.41 1.727291e-13
89952.50 1.720944e-13
90042.67 1.713803e-13
90132.94 1.706662e-13
90223.30 1.700314e-13
90313.75 1.693174e-13
90404.29 1.686826e-13
90494.92 1.679685e-13
90585.64 1.673338e-13
90676.45 1.666991e-13
90767.36 1.660643e-13
90858.35 1.654296e-13
90949.44 1.647155e-13
91040.61 1.640807e-13
91131.88 1.634460e-13
91223.24 1.627319e-13
91314.69 1.620972e-13
91406.23 1.614624e-13
91497.87 1.608277e-13
91589.60 1.601929e-13
91681.42 1.595582e-13
91773.33 1.589235e-13
91865.33 1.582887e-13
91957.42 1.576540e-13
92049.61 1.570192e-13
92141.89 1.563845e-13
92234.26 1.557497e-13
92326.73 1.551150e-13
92419.29 1.544803e-13
92511.94 1.538455e-13
92604.68 1.532901e-13
92697.52 1.526554e-13
92790.45 1.521000e-13
92883.47 1.514653e-13
92976.58 1.509098e-13
93069.79 1.502751e-13
93163.10 1.496404e-13
93256.49 1.490056e-13
93349.98 1.483709e-13
93443.56 1.476568e-13
93537.24 1.468634e-13
93631.01 1.458319e-13
93724.88 1.444037e-13
93818.84 1.423408e-13
93912.89 1.407540e-13
94007.04 1.411507e-13
94101.28 1.421028e-13
94195.62 1.424202e-13
94290.05 1.422615e-13
94384.58 1.419441e-13
94479.20 1.415474e-13
94573.91 1.409920e-13
94668.72 1.405159e-13
94763.63 1.399606e-13
94858.63 1.394052e-13
94953.72 1.388498e-13
95048.91 1.382944e-13
95144.20 1.377390e-13
95239.58 1.371836e-13
95335.06 1.366282e-13
95430.64 1.361521e-13
95526.30 1.356760e-13
95622.07 1.351206e-13
95717.93 1.346446e-13
95813.89 1.340892e-13
95909.94 1.336131e-13
96006.09 1.330577e-13
96102.34 1.325817e-13
96198.68 1.320263e-13
96295.12 1.314709e-13
96391.66 1.309948e-13
96488.29 1.304394e-13
96585.02 1.299634e-13
96681.84 1.294080e-13
96778.77 1.289319e-13
96875.79 1.284559e-13
96972.91 1.279005e-13
97070.12 1.274244e-13
97167.44 1.269484e-13
97264.85 1.263929e-13
97362.35 1.259169e-13
97459.96 1.254408e-13
97557.66 1.248854e-13
97655.47 1.244094e-13
97753.37 1.239333e-13
97851.36 1.233779e-13
97949.46 1.229019e-13
98047.65 1.224258e-13
98145.95 1.218704e-13
98244.34 1.213944e-13
98342.83 1.208390e-13
98441.42 1.202836e-13
98540.10 1.198075e-13
98638.89 1.194108e-13
98737.78 1.190141e-13
98836.76 1.185380e-13
98935.85 1.181413e-13
99035.03 1.176652e-13
99134.31 1.171892e-13
99233.69 1.167925e-13
99333.18 1.163164e-13
99432.76 1.158404e-13
99532.44 1.153643e-13
99632.22 1.149676e-13
99732.10 1.144915e-13
99832.08 1.140155e-13
99932.16 1.136188e-13
100032.35 1.131427e-13
100132.63 1.127460e-13
100233.01 1.122699e-13
100333.50 1.117939e-13
100434.08 1.113972e-13
100534.77 1.109211e-13
100635.55 1.105244e-13
100736.44 1.100484e-13
100837.43 1.096516e-13
100938.52 1.091756e-13
101039.71 1.087789e-13
101141.00 1.083028e-13
101242.39 1.079061e-13
101343.89 1.075094e-13
101445.49 1.070333e-13
101547.19 1.066366e-13
101648.99 1.062399e-13
101750.89 1.057638e-13
101852.90 1.053671e-13
101955.00 1.048911e-13
102057.21 1.044944e-13
102159.53 1.040183e-13
102261.94 1.036216e-13
102364.46 1.031455e-13
102467.08 1.025901e-13
102569.80 1.021141e-13
102672.63 1.017174e-13
102775.56 1.014000e-13
102878.59 1.010826e-13
102981.73 1.007652e-13
103084.97 1.003685e-13
103188.31 1.000512e-13
103291.76 9.965445e-14
103395.31 9.925774e-14
103498.96 9.886102e-14
103602.72 9.846431e-14
103706.58 9.806760e-14
103810.55 9.767088e-14
103914.62 9.727417e-14
104018.79 9.687746e-14
104123.07 9.648075e-14
104227.45 9.608403e-14
104331.94 9.568732e-14
104436.53 9.529060e-14
104541.23 9.481454e-14
104646.03 9.417980e-14
104750.94 9.346572e-14
104855.96 9.227558e-14
104961.07 9.068873e-14
105066.30 9.005398e-14
105171.63 9.084741e-14
105277.06 9.148215e-14
105382.60 9.156150e-14
105488.25 9.140281e-14
105594.00 9.116478e-14
105699.86 9.084741e-14
105805.82 9.053004e-14
105911.89 9.021267e-14
106018.07 8.989529e-14
106124.35 8.949859e-14
106230.74 8.918121e-14
106337.24 8.886385e-14
106443.84 8.846713e-14
106550.55 8.814976e-14
106657.37 8.775305e-14
106764.29 8.743567e-14
106871.32 8.711830e-14
106978.46 8.672159e-14
107085.71 8.640422e-14
107193.06 8.608685e-14
107300.52 8.569014e-14
107408.09 8.537276e-14
107515.77 8.497605e-14
107623.55 8.457934e-14
107731.45 8.418262e-14
107839.45 8.370657e-14
107947.56 8.323051e-14
108055.77 8.283380e-14
108164.10 8.267511e-14
108272.54 8.251643e-14
108381.08 8.227840e-14
108489.73 8.196103e-14
108598.49 8.172300e-14
108707.36 8.140563e-14
108816.34 8.108826e-14
108925.43 8.077089e-14
109034.63 8.045351e-14
109143.93 8.013615e-14
109253.35 7.981877e-14
109362.88 7.950140e-14
109472.51 7.921577e-14
109582.26 7.889839e-14
109692.12 7.858896e-14
109802.08 7.827953e-14
109912.16 7.797009e-14
110022.35 7.766065e-14
110132.65 7.735121e-14
110243.05 7.704178e-14
110353.57 7.672441e-14
110464.20 7.640703e-14
110574.94 7.610553e-14
110685.79 7.580403e-14
110796.76 7.551047e-14
110907.83 7.520896e-14
111019.02 7.491540e-14
111130.31 7.462183e-14
111241.72 7.432032e-14
111353.24 7.402676e-14
111464.87 7.373319e-14
111576.62 7.343962e-14
111688.47 7.314605e-14
111800.44 7.285248e-14
111912.52 7.255892e-14
112024.71 7.225741e-14
112137.02 7.196384e-14
112249.43 7.166234e-14
112361.96 7.135290e-14
112474.61 7.102760e-14
112587.36 7.067849e-14
112700.23 7.025004e-14
112813.21 6.961530e-14
112926.31 6.841722e-14
113039.52 6.688591e-14
113152.84 6.687797e-14
113266.28 6.791736e-14
113379.83 6.837755e-14
113493.49 6.838549e-14
113607.27 6.822680e-14
113721.16 6.801258e-14
113835.16 6.777455e-14
113949.28 6.752858e-14
114063.52 6.726676e-14
114177.87 6.700493e-14
114292.33 6.674309e-14
114406.91 6.647333e-14
114521.60 6.620356e-14
114636.41 6.593380e-14
114751.33 6.564816e-14
114866.37 6.535460e-14
114981.52 6.503722e-14
115096.79 6.468018e-14
115212.18 6.422793e-14
115327.68 6.375187e-14
115443.30 6.349004e-14
115559.03 6.345831e-14
115674.88 6.341070e-14
115790.84 6.326788e-14
115906.92 6.307746e-14
116023.12 6.285530e-14
116139.43 6.263314e-14
116255.86 6.239511e-14
116372.41 6.215709e-14
116489.07 6.191112e-14
116605.85 6.167309e-14
116722.75 6.142713e-14
116839.76 6.118910e-14
116956.89 6.094314e-14
117074.14 6.070511e-14
117191.51 6.046709e-14
117309.00 6.022112e-14
117426.60 5.998309e-14
117544.32 5.974507e-14
117662.16 5.949910e-14
117780.11 5.926107e-14
117898.19 5.903098e-14
118016.38 5.879295e-14
118134.69 5.856286e-14
118253.12 5.834070e-14
118371.67 5.811061e-14
118490.34 5.788051e-14
118609.13 5.765042e-14
118728.03 5.742826e-14
118847.06 5.719816e-14
118966.20 5.697600e-14
119085.46 5.674591e-14
119204.85 5.652375e-14
119324.35 5.630159e-14
119443.97 5.607943e-14
119563.72 5.585727e-14
119683.58 5.563511e-14
119803.56 5.541295e-14
119923.67 5.519873e-14
120043.89 5.498450e-14
120164.23 5.477028e-14
120284.70 5.454812e-14
120405.28 5.433389e-14
120525.99 5.411967e-14
120646.82 5.389751e-14
120767.77 5.368328e-14
120888.84 5.346906e-14
121010.03 5.325483e-14
121131.34 5.304061e-14
121252.77 5.282638e-14
121374.33 5.260422e-14
121496.01 5.239000e-14
121617.81 5.218370e-14
121739.73 5.198535e-14
121861.77 5.177906e-14
121983.94 5.158070e-14
122106.23 5.137441e-14
122228.64 5.117605e-14
122351.18 5.096976e-14
122473.83 5.077141e-14
122596.61 5.056511e-14
122719.52 5.035882e-14
122842.54 5.015253e-14
122965.69 4.993830e-14
123088.97 4.972408e-14
123212.36 4.950192e-14
123335.88 4.924802e-14
123459.53 4.893065e-14
123583.30 4.847840e-14
123707.19 4.770084e-14
123831.21 4.683601e-14
123955.35 4.688361e-14
124079.61 4.743901e-14
124204.00 4.766910e-14
124328.52 4.765324e-14
124453.16 4.754216e-14
124577.92 4.739141e-14
124702.81 4.721685e-14
124827.82 4.704230e-14
124952.96 4.685188e-14
125078.23 4.666145e-14
125203.62 4.645516e-14
125329.14 4.623300e-14
125454.78 4.597910e-14
125580.55 4.564586e-14
125706.44 4.519361e-14
125832.46 4.474136e-14
125958.61 4.466201e-14
126084.89 4.478896e-14
126211.29 4.481277e-14
126337.81 4.474136e-14
126464.47 4.462234e-14
126591.25 4.447953e-14
126718.15 4.432084e-14
126845.19 4.415422e-14
126972.35 4.398760e-14
127099.64 4.382098e-14
127227.06 4.365436e-14
127354.61 4.347981e-14
127482.28 4.331319e-14
127610.08 4.313864e-14
127738.01 4.297201e-14
127866.07 4.279746e-14
127994.25 4.263084e-14
128122.57 4.246422e-14
128251.01 4.229760e-14
128379.58 4.213098e-14
128508.28 4.196436e-14
128637.11 4.179774e-14
128766.07 4.163112e-14
128895.16 4.146450e-14
129024.38 4.129788e-14
129153.72 4.113920e-14
129283.20 4.097258e-14
129412.81 4.081389e-14
129542.54 4.064727e-14
129672.41 4.048859e-14
129802.41 4.032990e-14
129932.53 4.017122e-14
130062.79 4.001253e-14
130193.18 3.984591e-14
130323.70 3.969516e-14
130454.35 3.953648e-14
130585.13 3.937779e-14
130716.04 3.921911e-14
130847.08 3.906042e-14
130978.26 3.890967e-14
131109.56 3.875098e-14
131241.00 3.858436e-14
131372.57 3.841775e-14
131504.27 3.825906e-14
131636.10 3.809244e-14
131768.07 3.792582e-14
131900.17 3.776713e-14
132032.40 3.763225e-14
132164.76 3.749737e-14
132297.26 3.736248e-14
132429.88 3.721967e-14
132562.64 3.707685e-14
132695.54 3.693403e-14
132828.57 3.679122e-14
132961.73 3.664840e-14
133095.02 3.650559e-14
133228.45 3.636277e-14
133362.01 3.621995e-14
133495.71 3.607713e-14
133629.54 3.593432e-14
133763.50 3.579150e-14
133897.60 3.564868e-14
134031.83 3.550587e-14
134166.20 3.536305e-14
134300.70 3.522816e-14
134435.34 3.508535e-14
134570.11 3.494253e-14
134705.01 3.480765e-14
134840.06 3.467277e-14
134975.23 3.452995e-14
135110.55 3.439507e-14
135245.99 3.426019e-14
135381.58 3.412530e-14
135517.30 3.399042e-14
135653.16 3.385554e-14
135789.15 3.372066e-14
135925.28 3.358577e-14
136061.54 3.345089e-14
136197.94 3.331601e-14
136334.48 3.318112e-14
136471.16 3.305418e-14
136607.97 3.291929e-14
136744.92 3.279235e-14
136882.01 3.265746e-14
137019.23 3.253051e-14
137156.59 3.240356e-14
137294.09 3.226868e-14
137431.73 3.214174e-14
137569.51 3.201479e-14
137707.42 3.188784e-14
137845.47 3.176089e-14
137983.66 3.163394e-14
138121.99 3.150699e-14
138260.46 3.138004e-14
138399.06 3.125310e-14
138537.81 3.112615e-14
138676.69 3.099920e-14
138815.72 3.087225e-14
138954.88 3.073737e-14
139094.18 3.059455e-14
139233.62 3.045174e-14
139373.21 3.030892e-14
139512.93 3.018990e-14
139652.79 3.009469e-14
139792.79 2.999948e-14
139932.93 2.989634e-14
140073.22 2.978526e-14
140213.64 2.967418e-14
140354.21 2.955516e-14
140494.91 2.943615e-14
140635.76 2.931714e-14
140776.74 2.919812e-14
140917.87 2.907117e-14
141059.14 2.894422e-14
141200.56 2.880141e-14
141342.11 2.863479e-14
141483.80 2.840469e-14
141625.64 2.806352e-14
141767.62 2.767474e-14
141909.74 2.761126e-14
142052.01 2.779375e-14
142194.42 2.788103e-14
142336.97 2.786516e-14
142479.66 2.779375e-14
142622.50 2.770648e-14
142765.47 2.761126e-14
142908.60 2.750812e-14
143051.86 2.740498e-14
143195.27 2.729390e-14
143338.83 2.719075e-14
143482.52 2.708760e-14
143626.37 2.697652e-14
143770.35 2.687338e-14
143914.48 2.677023e-14
144058.76 2.665915e-14
144203.17 2.655601e-14
144347.74 2.645286e-14
144492.45 2.634972e-14
144637.30 2.623864e-14
144782.30 2.613549e-14
144927.44 2.603234e-14
145072.73 2.592920e-14
145218.17 2.582605e-14
145363.75 2.572291e-14
145509.48 2.561976e-14
145655.35 2.552455e-14
145801.37 2.542141e-14
145947.54 2.531826e-14
146093.85 2.521512e-14
146240.31 2.511990e-14
146386.92 2.501676e-14
146533.67 2.491361e-14
146680.57 2.481840e-14
146827.62 2.471526e-14
146974.81 2.462004e-14
147122.15 2.451690e-14
147269.64 2.442169e-14
147417.28 2.432648e-14
147565.07 2.423127e-14
147713.00 2.413605e-14
147861.08 2.404084e-14
148009.31 2.394563e-14
148157.69 2.384249e-14
148306.22 2.374728e-14
148454.90 2.365206e-14
148603.73 2.355685e-14
148752.70 2.346164e-14
148901.83 2.335850e-14
149051.10 2.325535e-14
149200.52 2.314427e-14
149350.10 2.302526e-14
149499.82 2.289037e-14
149649.70 2.278723e-14
149799.72 2.272375e-14
149949.89 2.267615e-14
150100.22 2.261267e-14
150250.69 2.253333e-14
150401.32 2.245399e-14
150552.10 2.236671e-14
150703.03 2.227943e-14
150854.11 2.219216e-14
151005.34 2.210488e-14
151156.72 2.201760e-14
151308.26 2.193033e-14
151459.94 2.184305e-14
151611.78 2.175577e-14
151763.77 2.166850e-14
151915.92 2.158122e-14
152068.21 2.149394e-14
152220.66 2.140667e-14
152373.26 2.132732e-14
152526.02 2.124005e-14
152678.92 2.116070e-14
152831.98 2.107343e-14
152985.20 2.099408e-14
153138.57 2.090681e-14
153292.09 2.082746e-14
153445.76 2.074812e-14
153599.59 2.066084e-14
153753.58 2.058150e-14
153907.72 2.050216e-14
154062.01 2.041488e-14
154216.46 2.033554e-14
154371.06 2.024826e-14
154525.81 2.016892e-14
154680.73 2.008958e-14
154835.79 2.001023e-14
154991.02 1.993089e-14
155146.40 1.985155e-14
155301.93 1.977221e-14
155457.62 1.969286e-14
155613.47 1.961352e-14
155769.47 1.954211e-14
155925.63 1.946277e-14
156081.94 1.938343e-14
156238.42 1.930408e-14
156395.05 1.923267e-14
156551.83 1.915333e-14
156708.78 1.907399e-14
156865.88 1.900258e-14
157023.14 1.892324e-14
157180.55 1.885183e-14
157338.12 1.877249e-14
157495.86 1.870108e-14
157653.75 1.862174e-14
157811.79 1.854239e-14
157970.00 1.847098e-14
158128.37 1.839164e-14
158286.89 1.832023e-14
158445.57 1.824883e-14
158604.41 1.817742e-14
158763.42 1.811394e-14
158922.58 1.804253e-14
159081.90 1.797113e-14
159241.38 1.789972e-14
159401.02 1.782831e-14
159560.82 1.775690e-14
159720.78 1.768549e-14
159880.90 1.761408e-14
160041.18 1.754267e-14
160201.62 1.747127e-14
160362.22 1.739986e-14
160522.98 1.733638e-14
160683.91 1.726498e-14
160844.99 1.719357e-14
161006.24 1.712216e-14
161167.65 1.704282e-14
161329.22 1.696347e-14
161490.95 1.687620e-14
161652.85 1.674925e-14
161814.91 1.652709e-14
161977.12 1.617798e-14
162139.51 1.605103e-14
162302.05 1.625732e-14
162464.76 1.639221e-14
162627.63 1.640014e-14
162790.67 1.636047e-14
162953.86 1.630493e-14
163117.22 1.624145e-14
163280.75 1.617798e-14
163444.44 1.610657e-14
163608.29 1.602723e-14
163772.31 1.593202e-14
163936.49 1.581300e-14
164100.84 1.570192e-14
164265.35 1.567812e-14
164430.03 1.567019e-14
164594.87 1.564638e-14
164759.87 1.559878e-14
164925.05 1.555117e-14
165090.38 1.549563e-14
165255.89 1.543216e-14
165421.56 1.536868e-14
165587.39 1.530521e-14
165753.39 1.524174e-14
165919.56 1.517826e-14
166085.90 1.512272e-14
166252.40 1.506718e-14
166419.06 1.500371e-14
166585.90 1.494817e-14
166752.90 1.489263e-14
166920.07 1.483709e-14
167087.41 1.477361e-14
167254.92 1.471807e-14
167422.59 1.465460e-14
167590.43 1.459113e-14
167758.44 1.453559e-14
167926.62 1.446418e-14
168094.96 1.439277e-14
168263.48 1.430549e-14
168432.16 1.417854e-14
168601.02 1.396432e-14
168770.04 1.375803e-14
168939.23 1.378976e-14
169108.59 1.391671e-14
169278.13 1.395638e-14
169447.83 1.393258e-14
169617.70 1.390084e-14
169787.74 1.385324e-14
169957.95 1.380563e-14
170128.34 1.375009e-14
170298.89 1.369455e-14
170469.61 1.364695e-14
170640.51 1.359141e-14
170811.58 1.353587e-14
170982.82 1.348033e-14
171154.23 1.343272e-14
171325.81 1.337718e-14
171497.56 1.332164e-14
171669.49 1.327404e-14
171841.59 1.321850e-14
172013.86 1.316296e-14
172186.31 1.311535e-14
172358.92 1.305981e-14
172531.71 1.301221e-14
172704.68 1.295667e-14
172877.81 1.290906e-14
173051.12 1.285352e-14
173224.61 1.280591e-14
173398.26 1.275037e-14
173572.10 1.270277e-14
173746.10 1.265516e-14
173920.28 1.259962e-14
174094.64 1.255202e-14
174269.17 1.249648e-14
174443.87 1.244887e-14
174618.75 1.240127e-14
174793.81 1.234573e-14
174969.04 1.229812e-14
175144.45 1.225052e-14
175320.03 1.219498e-14
175495.79 1.214737e-14
175671.72 1.209183e-14
175847.83 1.203629e-14
176024.12 1.198075e-14
176200.59 1.194108e-14
176377.23 1.190141e-14
176554.05 1.185380e-14
176731.04 1.181413e-14
176908.21 1.176653e-14
177085.56 1.172685e-14
177263.09 1.167925e-14
177440.80 1.163164e-14
177618.68 1.159197e-14
177796.75 1.154437e-14
177974.99 1.149676e-14
178153.41 1.144915e-14
178332.01 1.140948e-14
178510.79 1.136188e-14
178689.74 1.131427e-14
178868.88 1.126667e-14
179048.20 1.122699e-14
179227.69 1.117939e-14
179407.37 1.113178e-14
179587.22 1.109211e-14
179767.26 1.104451e-14
179947.48 1.100484e-14
180127.87 1.095723e-14
180308.45 1.091756e-14
180489.21 1.086995e-14
180670.15 1.083028e-14
180851.28 1.078268e-14
181032.58 1.074300e-14
181214.06 1.070333e-14
181395.73 1.065573e-14
181577.58 1.061606e-14
181759.61 1.057638e-14
181941.83 1.052878e-14
182124.22 1.048911e-14
182306.80 1.044944e-14
182489.57 1.040183e-14
182672.51 1.036216e-14
182855.64 1.032249e-14
183038.95 1.028282e-14
183222.45 1.024314e-14
183406.13 1.019554e-14
183590.00 1.015587e-14
183774.05 1.011620e-14
183958.28 1.007653e-14
184142.70 1.003685e-14
184327.30 9.997183e-15
184512.09 9.957511e-15
184697.06 9.917839e-15
184882.22 9.870234e-15
185067.57 9.830563e-15
185253.10 9.782957e-15
185438.81 9.735351e-15
185624.72 9.679811e-15
185810.81 9.600469e-15
185997.08 9.489389e-15
186183.54 9.425915e-15
186370.19 9.441783e-15
186557.03 9.465586e-15
186744.05 9.457652e-15
186931.26 9.433849e-15
187118.66 9.402112e-15
187306.25 9.370375e-15
187494.02 9.330703e-15
187681.99 9.298967e-15
187870.14 9.259295e-15
188058.48 9.227558e-15
188247.01 9.187887e-15
188435.73 9.148215e-15
188624.63 9.116478e-15
188813.73 9.076807e-15
189003.01 9.037135e-15
189192.49 8.997464e-15
189382.16 8.949859e-15
189572.01 8.902253e-15
189762.06 8.854647e-15
189952.29 8.814976e-15
190142.72 8.759436e-15
190333.34 8.640422e-15
190524.15 8.442065e-15
190715.15 8.426197e-15
190906.34 8.553145e-15
191097.73 8.608685e-15
191289.30 8.600751e-15
191481.07 8.576948e-15
191673.03 8.545211e-15
191865.18 8.513474e-15
192057.53 8.481736e-15
192250.07 8.449999e-15
192442.80 8.418262e-15
192635.72 8.386525e-15
192828.84 8.354788e-15
193022.15 8.315117e-15
193215.65 8.283380e-15
193409.35 8.251643e-15
193603.25 8.219906e-15
193797.33 8.188168e-15
193991.62 8.156431e-15
194186.09 8.124694e-15
194380.76 8.085023e-15
194575.63 8.053286e-15
194770.69 8.021549e-15
194965.95 7.989812e-15
195161.41 7.958074e-15
195357.05 7.927131e-15
195552.90 7.896187e-15
195748.94 7.865244e-15
195945.18 7.834300e-15
196141.62 7.803356e-15
196338.25 7.773206e-15
196535.08 7.742262e-15
196732.10 7.711318e-15
196929.33 7.680375e-15
197126.75 7.650225e-15
197324.37 7.620074e-15
197522.19 7.589131e-15
197720.20 7.558980e-15
197918.42 7.528830e-15
198116.83 7.499474e-15
198315.44 7.469324e-15
198514.26 7.439173e-15
198713.27 7.409816e-15
198912.48 7.380460e-15
199111.89 7.351102e-15
199311.50 7.321746e-15
199511.31 7.292389e-15
199711.32 7.263032e-15
199911.53 7.234469e-15
200111.94 7.205906e-15
200312.55 7.177342e-15
200513.37 7.148779e-15
200714.38 7.120216e-15
200915.60 7.091652e-15
201117.02 7.063089e-15
201318.64 7.035319e-15
201520.46 7.007549e-15
201722.48 6.978985e-15
201924.71 6.951215e-15
202127.14 6.923445e-15
202329.77 6.896469e-15
202532.61 6.868699e-15
202735.65 6.840929e-15
202938.89 6.813953e-15
203142.34 6.786183e-15
203345.99 6.759206e-15
203549.84 6.732230e-15
203753.90 6.705253e-15
203958.16 6.677483e-15
204162.63 6.650507e-15
204367.30 6.623530e-15
204572.18 6.595760e-15
204777.27 6.568784e-15
204982.56 6.541014e-15
205188.05 6.514037e-15
205393.75 6.488647e-15
205599.66 6.464051e-15
205805.77 6.438662e-15
206012.09 6.414065e-15
206218.62 6.389469e-15
206425.36 6.364079e-15
206632.30 6.338690e-15
206839.45 6.313300e-15
207046.80 6.288704e-15
207254.37 6.263314e-15
207462.14 6.237925e-15
207670.12 6.212535e-15
207878.31 6.186352e-15
208086.71 6.160169e-15
208295.32 6.133192e-15
208504.13 6.103835e-15
208713.16 6.071305e-15
208922.39 6.031634e-15
209131.84 5.992756e-15
209341.49 5.972920e-15
209551.36 5.965779e-15
209761.44 5.954671e-15
209971.72 5.938009e-15
210182.22 5.917380e-15
210392.93 5.895957e-15
210603.85 5.873742e-15
210814.98 5.850732e-15
211026.32 5.827723e-15
211237.87 5.804713e-15
211449.64 5.782497e-15
211661.62 5.759488e-15
211873.81 5.736479e-15
212086.21 5.713469e-15
212298.83 5.691253e-15
212511.66 5.668244e-15
212724.70 5.646028e-15
212937.96 5.623812e-15
213151.43 5.600802e-15
213365.11 5.578587e-15
213579.01 5.556371e-15
213793.13 5.534155e-15
214007.45 5.511939e-15
214222.00 5.490516e-15
214436.75 5.468300e-15
214651.73 5.446084e-15
214866.92 5.424662e-15
215082.32 5.403239e-15
215297.94 5.381023e-15
215513.78 5.359601e-15
215729.83 5.338178e-15
215946.10 5.316756e-15
216162.58 5.295333e-15
216379.29 5.273910e-15
216596.21 5.253281e-15
216813.35 5.231859e-15
217030.70 5.210436e-15
217248.28 5.189014e-15
217466.07 5.167591e-15
217684.08 5.145375e-15
217902.31 5.123159e-15
218120.75 5.100943e-15
218339.42 5.078727e-15
218558.30 5.058892e-15
218777.41 5.040643e-15
218996.73 5.022394e-15
219216.28 5.004145e-15
219436.04 4.985103e-15
219656.03 4.965267e-15
219876.23 4.946225e-15
220096.66 4.926389e-15
220317.31 4.906554e-15
220538.18 4.886718e-15
220759.27 4.867676e-15
220980.58 4.847840e-15
221202.11 4.828004e-15
221423.87 4.807375e-15
221645.84 4.787539e-15
221868.04 4.766910e-15
222090.47 4.744694e-15
222313.11 4.720892e-15
222535.98 4.692328e-15
222759.07 4.654244e-15
222982.39 4.589183e-15
223205.93 4.488417e-15
223429.69 4.446366e-15
223653.68 4.505079e-15
223877.90 4.551098e-15
224102.33 4.559826e-15
224327.00 4.552685e-15
224551.88 4.539990e-15
224777.00 4.524915e-15
225002.34 4.508253e-15
225227.90 4.491591e-15
225453.69 4.474136e-15
225679.71 4.456680e-15
225905.96 4.439225e-15
226132.43 4.420976e-15
226359.12 4.403521e-15
226586.05 4.386065e-15
226813.20 4.369403e-15
227040.58 4.351948e-15
227268.19 4.334492e-15
227496.03 4.317830e-15
227724.09 4.300375e-15
227952.39 4.283713e-15
228180.91 4.266258e-15
228409.66 4.249596e-15
228638.64 4.232934e-15
228867.85 4.215478e-15
229097.29 4.198816e-15
229326.96 4.182154e-15
229556.86 4.165492e-15
229786.99 4.148830e-15
230017.36 4.132168e-15
230247.95 4.115507e-15
230478.77 4.099638e-15
230709.83 4.082976e-15
230941.12 4.066314e-15
231172.63 4.050445e-15
231404.38 4.034577e-15
231636.37 4.017915e-15
231868.58 4.002046e-15
232101.03 3.986178e-15
232333.71 3.970309e-15
232566.63 3.954441e-15
232799.78 3.938572e-15
233033.16 3.922704e-15
233266.78 3.906835e-15
233500.63 3.890967e-15
233734.71 3.875098e-15
233969.03 3.860023e-15
234203.58 3.844154e-15
234438.37 3.828286e-15
234673.40 3.813211e-15
234908.66 3.797342e-15
235144.15 3.781474e-15
235379.89 3.764812e-15
235615.86 3.748150e-15
235852.06 3.730694e-15
236088.50 3.711652e-15
236325.18 3.694197e-15
236562.10 3.681502e-15
236799.25 3.669601e-15
237036.64 3.656906e-15
237274.27 3.643417e-15
237512.14 3.628342e-15
237750.25 3.611680e-15
237988.59 3.591845e-15
238227.17 3.564868e-15
238466.00 3.530751e-15
238705.06 3.506948e-15
238944.36 3.509328e-15
239183.90 3.514089e-15
239423.69 3.510122e-15
239663.71 3.500601e-15
239903.97 3.488699e-15
240144.48 3.476004e-15
240385.22 3.463310e-15
240626.21 3.449821e-15
240867.44 3.436333e-15
241108.91 3.422845e-15
241350.62 3.409357e-15
241592.57 3.395868e-15
241834.77 3.382380e-15
242077.21 3.368892e-15
242319.89 3.355403e-15
242562.82 3.341915e-15
242805.99 3.329220e-15
243049.40 3.315732e-15
243293.06 3.302244e-15
243536.96 3.289549e-15
243781.10 3.276061e-15
244025.50 3.262572e-15
244270.13 3.249878e-15
244515.01 3.237183e-15
244760.14 3.223695e-15
245005.51 3.211000e-15
245251.13 3.198305e-15
245496.99 3.185610e-15
245743.11 3.172915e-15
245989.46 3.160220e-15
246236.07 3.147526e-15
246482.92 3.134831e-15
246730.02 3.122136e-15
246977.37 3.110234e-15
247224.96 3.097540e-15
247472.80 3.084845e-15
247720.90 3.072943e-15
247969.24 3.060249e-15
248217.83 3.047554e-15
248466.67 3.035652e-15
248715.75 3.022957e-15
248965.09 3.011056e-15
249214.68 2.998361e-15
249464.52 2.986460e-15
249714.61 2.973765e-15
249964.94 2.961864e-15
250215.53 2.950756e-15
250466.38 2.938854e-15
250717.47 2.927746e-15
250968.81 2.916638e-15
251220.41 2.904737e-15
251472.26 2.893629e-15
251724.36 2.881727e-15
251976.71 2.870619e-15
252229.32 2.858718e-15
252482.18 2.847610e-15
252735.29 2.836502e-15
252988.66 2.824601e-15
253242.28 2.813493e-15
253496.16 2.802385e-15
253750.29 2.791277e-15
254004.67 2.780169e-15
254259.31 2.769061e-15
254514.21 2.757953e-15
254769.36 2.746845e-15
255024.77 2.735737e-15
255280.43 2.725422e-15
255536.35 2.714314e-15
255792.52 2.703206e-15
256048.96 2.692892e-15
256305.65 2.681784e-15
256562.59 2.670676e-15
256819.80 2.660361e-15
257077.26 2.650047e-15
257334.98 2.638939e-15
257592.96 2.628624e-15
257851.20 2.617516e-15
258109.69 2.607202e-15
258368.45 2.596887e-15
258627.46 2.586573e-15
258886.74 2.576258e-15
259146.27 2.565943e-15
259406.06 2.554835e-15
259666.12 2.544521e-15
259926.43 2.534206e-15
260187.01 2.523098e-15
260447.85 2.512784e-15
260708.95 2.500882e-15
260970.31 2.488981e-15
261231.93 2.475493e-15
261493.82 2.460418e-15
261755.97 2.449310e-15
262018.38 2.443756e-15
262281.05 2.438995e-15
262543.99 2.431854e-15
262807.19 2.423127e-15
263070.65 2.414399e-15
263334.38 2.405671e-15
263598.37 2.396150e-15
263862.63 2.386629e-15
264127.15 2.377108e-15
264391.94 2.367587e-15
264657.00 2.358066e-15
264922.31 2.349338e-15
265187.90 2.339817e-15
265453.75 2.330296e-15
265719.87 2.319981e-15
265986.25 2.310460e-15
266252.90 2.300939e-15
266519.82 2.290624e-15
266787.01 2.281103e-15
267054.46 2.272375e-15
267322.19 2.264441e-15
267590.18 2.255714e-15
267858.44 2.246986e-15
268126.96 2.238258e-15
268395.76 2.229530e-15
268664.83 2.220803e-15
268934.17 2.212075e-15
269203.77 2.203347e-15
269473.65 2.194620e-15
269743.80 2.185892e-15
270014.22 2.177164e-15
270284.91 2.168437e-15
270555.87 2.159709e-15
270827.10 2.150981e-15
271098.60 2.142253e-15
271370.38 2.133526e-15
271642.43 2.125591e-15
271914.75 2.116864e-15
272187.35 2.108136e-15
272460.21 2.100202e-15
272733.36 2.091474e-15
273006.77 2.083540e-15
273280.46 2.074812e-15
273554.42 2.066878e-15
273828.66 2.058150e-15
274103.18 2.050216e-15
274377.97 2.042282e-15
274653.03 2.033554e-15
274928.37 2.025620e-15
275203.99 2.017685e-15
275479.88 2.008958e-15
275756.05 2.001023e-15
276032.49 1.993089e-15
276309.22 1.984361e-15
276586.22 1.976427e-15
276863.49 1.966906e-15
277141.05 1.956591e-15
277418.88 1.939136e-15
277697.00 1.904225e-15
277975.39 1.864554e-15
278254.06 1.875662e-15
278533.01 1.902638e-15
278812.24 1.908192e-15
279091.75 1.904225e-15
279371.54 1.897878e-15
279651.61 1.891530e-15
279931.96 1.884390e-15
280212.59 1.876455e-15
280493.51 1.869314e-15
280774.70 1.862174e-15
281056.18 1.854239e-15
281337.94 1.847098e-15
281619.98 1.839958e-15
281902.30 1.832023e-15
282184.91 1.824883e-15
282467.80 1.817742e-15
282750.98 1.810601e-15
283034.43 1.802667e-15
283318.18 1.795526e-15
283602.20 1.788385e-15
283886.51 1.781244e-15
284171.11 1.774103e-15
284455.99 1.766962e-15
284741.16 1.759821e-15
285026.61 1.752681e-15
285312.35 1.745540e-15
285598.38 1.738399e-15
285884.69 1.732052e-15
286171.29 1.724911e-15
286458.18 1.716976e-15
286745.35 1.709836e-15
287032.82 1.701901e-15
287320.57 1.692380e-15
287608.61 1.680479e-15
287896.93 1.662230e-15
288185.55 1.640014e-15
288474.46 1.636840e-15
288763.65 1.644775e-15
289053.14 1.647155e-15
289342.91 1.643188e-15
289632.98 1.637634e-15
289923.34 1.632873e-15
290213.99 1.627319e-15
290504.93 1.622559e-15
290796.16 1.616211e-15
291087.68 1.610657e-15
291379.50 1.604310e-15
291671.61 1.597962e-15
291964.01 1.592408e-15
292256.70 1.586061e-15
292549.69 1.579713e-15
292842.97 1.573366e-15
293136.55 1.567019e-15
293430.42 1.560671e-15
293724.58 1.554324e-15
294019.04 1.547976e-15
294313.79 1.542422e-15
294608.84 1.536075e-15
294904.19 1.529728e-15
295199.83 1.523380e-15
295495.77 1.517033e-15
295792.00 1.510685e-15
296088.54 1.505131e-15
296385.36 1.498784e-15
296682.49 1.492436e-15
296979.92 1.485296e-15
297277.64 1.478155e-15
297575.66 1.467840e-15
297873.98 1.451178e-15
298172.60 1.424202e-15
298471.52 1.411507e-15
298770.74 1.424995e-15
299070.25 1.433723e-15
299370.07 1.430549e-15
299670.19 1.421028e-15
299970.61 1.409920e-15
300271.33 1.405159e-15
300572.35 1.406746e-15
300873.68 1.405953e-15
301175.30 1.402779e-15
301477.23 1.398019e-15
301779.46 1.393258e-15
302082.00 1.388498e-15
302384.84 1.382944e-15
302687.98 1.378183e-15
302991.42 1.372629e-15
303295.17 1.367075e-15
303599.22 1.361521e-15
303903.58 1.355967e-15
304208.25 1.351206e-15
304513.22 1.345652e-15
304818.49 1.340098e-15
305124.07 1.334544e-15
305429.96 1.329784e-15
305736.15 1.324230e-15
306042.65 1.318676e-15
306349.46 1.313915e-15
306656.58 1.308361e-15
306964.00 1.302807e-15
307271.73 1.298047e-15
307579.77 1.292493e-15
307888.12 1.287732e-15
308196.78 1.282178e-15
308505.75 1.277418e-15
308815.03 1.271864e-15
309124.61 1.267103e-15
309434.51 1.262343e-15
309744.72 1.256789e-15
310055.24 1.252028e-15
310366.07 1.247268e-15
310677.21 1.241714e-15
310988.67 1.236953e-15
311300.43 1.232192e-15
311612.51 1.227432e-15
311924.90 1.221878e-15
312237.61 1.217117e-15
312550.63 1.212357e-15
312863.96 1.207596e-15
313177.61 1.202836e-15
313491.57 1.198075e-15
313805.84 1.193314e-15
314120.43 1.188554e-15
314435.34 1.183793e-15
314750.56 1.179033e-15
315066.10 1.174272e-15
315381.95 1.169512e-15
315698.12 1.164751e-15
316014.61 1.159991e-15
316331.42 1.155230e-15
316648.54 1.150469e-15
316965.98 1.145709e-15
317283.74 1.141742e-15
317601.82 1.136981e-15
317920.21 1.132221e-15
318238.93 1.127460e-15
318557.96 1.123493e-15
318877.32 1.118732e-15
319196.99 1.113972e-15
319516.99 1.109211e-15
319837.30 1.104451e-15
320157.94 1.099690e-15
320478.90 1.094930e-15
320800.18 1.090169e-15
321121.78 1.084615e-15
321443.71 1.079061e-15
321765.96 1.073507e-15
322088.53 1.067953e-15
322411.42 1.065573e-15
322734.64 1.062399e-15
323058.18 1.060019e-15
323382.05 1.056052e-15
323706.24 1.052878e-15
324030.75 1.048911e-15
324355.59 1.044944e-15
324680.76 1.040183e-15
325006.25 1.036216e-15
325332.07 1.032249e-15
325658.22 1.028282e-15
325984.69 1.024315e-15
326311.49 1.020347e-15
326638.62 1.016380e-15
326966.07 1.012413e-15
327293.86 1.007653e-15
327621.97 1.003685e-15
327950.41 9.997183e-16
328279.18 9.957511e-16
328608.28 9.917840e-16
328937.71 9.878168e-16
329267.47 9.838497e-16
329597.56 9.798825e-16
329927.99 9.759155e-16
330258.74 9.719483e-16
330589.82 9.687746e-16
330921.24 9.648075e-16
331252.99 9.608403e-16
331585.07 9.568732e-16
331917.49 9.529060e-16
332250.23 9.489388e-16
332583.32 9.449718e-16
332916.73 9.417980e-16
333250.48 9.378310e-16
333584.56 9.338638e-16
333918.98 9.298966e-16
334253.74 9.267230e-16
334588.83 9.227558e-16
334924.25 9.187887e-16
335260.01 9.156150e-16
335596.11 9.116478e-16
335932.55 9.076807e-16
336269.32 9.045070e-16
336606.43 9.005398e-16
336943.88 8.973661e-16
337281.67 8.933990e-16
337619.79 8.902253e-16
337958.26 8.862581e-16
338297.06 8.830844e-16
338636.20 8.791173e-16
338975.69 8.759436e-16
339315.51 8.719765e-16
339655.67 8.688028e-16
339996.18 8.656290e-16
340337.03 8.616619e-16
340678.21 8.584882e-16
341019.74 8.553145e-16
341361.62 8.513474e-16
341703.83 8.481736e-16
342046.39 8.449999e-16
342389.29 8.418262e-16
342732.54 8.378591e-16
343076.13 8.346854e-16
343420.06 8.315117e-16
343764.34 8.283380e-16
344108.97 8.243708e-16
344453.94 8.211971e-16
344799.25 8.180234e-16
345144.91 8.148497e-16
345490.92 8.116760e-16
345837.28 8.085023e-16
346183.98 8.053286e-16
346531.03 8.021549e-16
346878.43 7.981877e-16
347226.17 7.950140e-16
347574.27 7.920783e-16
347922.71 7.889046e-16
348271.50 7.856516e-16
348620.65 7.823985e-16
348970.14 7.791455e-16
349319.98 7.758131e-16
349670.17 7.723220e-16
350020.72 7.688309e-16
350371.62 7.654985e-16
350722.86 7.626422e-16
351074.46 7.599446e-16
351426.42 7.572469e-16
351778.72 7.543906e-16
352131.38 7.515342e-16
352484.39 7.485985e-16
352837.76 7.456628e-16
353191.48 7.427272e-16
353545.55 7.397915e-16
353899.98 7.368558e-16
354254.77 7.338408e-16
354609.91 7.309051e-16
354965.41 7.279694e-16
355321.26 7.250337e-16
355677.47 7.220981e-16
356034.04 7.191624e-16
356390.96 7.162267e-16
356748.24 7.132911e-16
357105.88 7.104347e-16
357463.88 7.076577e-16
357822.24 7.048807e-16
358180.96 7.021037e-16
358540.03 6.992474e-16
358899.47 6.964704e-16
359259.27 6.936934e-16
359619.43 6.909957e-16
359979.95 6.882187e-16
360340.83 6.854417e-16
360702.07 6.826647e-16
361063.67 6.798877e-16
361425.64 6.771107e-16
361787.97 6.743337e-16
362150.66 6.715567e-16
362513.72 6.687004e-16
362877.14 6.656854e-16
363240.92 6.624323e-16
363605.07 6.587032e-16
363969.59 6.535460e-16
364334.47 6.461671e-16
364699.71 6.403751e-16
365065.32 6.414065e-16
365431.30 6.434694e-16
365797.65 6.431521e-16
366164.36 6.415652e-16
366531.44 6.395023e-16
366898.89 6.371220e-16
367266.71 6.347417e-16
367634.89 6.322028e-16
368003.45 6.296638e-16
368372.37 6.271248e-16
368741.66 6.245065e-16
369111.33 6.218089e-16
369481.36 6.190319e-16
369851.77 6.160168e-16
370222.54 6.124464e-16
370593.69 6.081619e-16
370965.21 6.038774e-16
371337.11 6.019732e-16
371709.37 6.016558e-16
372082.01 6.007037e-16
372455.02 5.991168e-16
372828.41 5.971333e-16
373202.17 5.949910e-16
373576.31 5.926901e-16
373950.82 5.903892e-16
374325.70 5.880882e-16
374700.97 5.857873e-16
375076.60 5.834070e-16
375452.62 5.811061e-16
375829.01 5.787258e-16
376205.78 5.764248e-16
376582.93 5.742033e-16
376960.45 5.719023e-16
377338.35 5.696807e-16
377716.64 5.673798e-16
378095.30 5.651582e-16
378474.34 5.628573e-16
378853.76 5.606356e-16
379233.56 5.584140e-16
379613.74 5.561131e-16
379994.31 5.538915e-16
380375.25 5.516699e-16
380756.58 5.494483e-16
381138.29 5.472267e-16
381520.38 5.450051e-16
381902.85 5.427042e-16
382285.71 5.404826e-16
382668.95 5.382610e-16
383052.58 5.359600e-16
383436.59 5.338178e-16
383820.98 5.316755e-16
384205.77 5.296126e-16
384590.93 5.275497e-16
384976.49 5.254075e-16
385362.42 5.232652e-16
385748.75 5.211229e-16
386135.46 5.189014e-16
386522.57 5.165211e-16
386910.05 5.138234e-16
387297.93 5.104910e-16
387686.20 5.049370e-16
388074.86 4.946225e-16
388463.90 4.833559e-16
388853.34 4.847047e-16
389243.16 4.935910e-16
389633.38 4.970821e-16
390023.99 4.965267e-16
390414.99 4.947019e-16
390806.38 4.924803e-16
391198.16 4.907347e-16
391590.34 4.893859e-16
391982.91 4.879577e-16
392375.87 4.863709e-16
392769.23 4.846253e-16
393162.98 4.828004e-16
393557.13 4.808962e-16
393951.67 4.789920e-16
394346.61 4.770878e-16
394741.94 4.751835e-16
395137.67 4.732793e-16
395533.79 4.713751e-16
395930.32 4.695502e-16
396327.24 4.677253e-16
396724.56 4.659004e-16
397122.27 4.640755e-16
397520.39 4.622507e-16
397918.90 4.604258e-16
398317.82 4.586009e-16
398717.13 4.567760e-16
399116.85 4.549511e-16
399516.96 4.531263e-16
399917.48 4.513014e-16
400318.39 4.494765e-16
400719.71 4.477310e-16
401121.44 4.459060e-16
401523.56 4.441605e-16
401926.09 4.423356e-16
402329.02 4.405901e-16
402732.35 4.388446e-16
403136.09 4.370990e-16
403540.24 4.353535e-16
403944.79 4.336079e-16
404349.74 4.318624e-16
404755.10 4.301169e-16
405160.87 4.283713e-16
405567.05 4.267051e-16
405973.63 4.249596e-16
406380.62 4.232141e-16
406788.01 4.215479e-16
407195.82 4.198817e-16
407604.03 4.181361e-16
408012.66 4.164699e-16
408421.69 4.148037e-16
408831.13 4.131375e-16
409240.99 4.114713e-16
409651.25 4.098845e-16
410061.93 4.082183e-16
410473.02 4.065521e-16
410884.52 4.048859e-16
411296.43 4.032990e-16
411708.75 4.017122e-16
412121.49 4.000460e-16
412534.64 3.984591e-16
412948.21 3.968723e-16
413362.19 3.952061e-16
413776.59 3.936192e-16
414191.40 3.920324e-16
414606.63 3.904455e-16
415022.27 3.888587e-16
415438.33 3.872718e-16
415854.81 3.856849e-16
416271.70 3.840981e-16
416689.01 3.825112e-16
417106.75 3.809244e-16
417524.90 3.792582e-16
417943.47 3.775920e-16
418362.45 3.759258e-16
418781.86 3.742596e-16
419201.69 3.728314e-16
419621.94 3.714032e-16
420042.61 3.699751e-16
420463.71 3.686263e-16
420885.22 3.671981e-16
421307.16 3.658493e-16
421729.52 3.644211e-16
422152.31 3.630723e-16
422575.51 3.616441e-16
422999.15 3.602159e-16
423423.20 3.587878e-16
423847.69 3.573596e-16
424272.59 3.559314e-16
424697.93 3.545826e-16
425123.69 3.531544e-16
425549.87 3.517263e-16
425976.49 3.502981e-16
426403.53 3.489493e-16
426831.00 3.475211e-16
427258.90 3.460929e-16
427687.23 3.447441e-16
428115.98 3.433953e-16
428545.17 3.419671e-16
428974.79 3.406183e-16
429404.84 3.392695e-16
429835.31 3.378413e-16
430266.22 3.364925e-16
430697.57 3.351436e-16
431129.34 3.337948e-16
431561.55 3.324460e-16
431994.19 3.311765e-16
432427.26 3.298277e-16
432860.77 3.284788e-16
433294.72 3.271300e-16
433729.10 3.258605e-16
434163.91 3.245117e-16
434599.16 3.231629e-16
435034.85 3.218934e-16
435470.97 3.206239e-16
435907.53 3.192751e-16
436344.53 3.180056e-16
436781.96 3.167361e-16
437219.84 3.154666e-16
437658.15 3.141972e-16
438096.90 3.129277e-16
438536.10 3.117375e-16
438975.73 3.104680e-16
439415.80 3.091986e-16
439856.32 3.080084e-16
440297.27 3.067390e-16
440738.67 3.055488e-16
441180.51 3.043587e-16
441622.80 3.030892e-16
442065.52 3.018990e-16
442508.70 3.007089e-16
442952.31 2.995188e-16
443396.37 2.982493e-16
443840.88 2.970591e-16
444285.83 2.958690e-16
444731.22 2.946788e-16
445177.07 2.934887e-16
445623.36 2.923779e-16
446070.10 2.911878e-16
446517.28 2.899976e-16
446964.92 2.888075e-16
447413.00 2.876967e-16
447861.53 2.865065e-16
448310.51 2.853958e-16
448759.95 2.842056e-16
449209.83 2.830948e-16
449660.16 2.818253e-16
450110.95 2.803972e-16
450562.18 2.788896e-16
451013.87 2.773821e-16
451466.01 2.756366e-16
451918.61 2.735737e-16
452371.66 2.715901e-16
452825.16 2.696859e-16
453279.12 2.678610e-16
453733.53 2.676230e-16
454188.40 2.683371e-16
454643.72 2.683371e-16
455099.51 2.677817e-16
455555.74 2.669883e-16
456012.44 2.661155e-16
456469.59 2.651634e-16
456927.20 2.641319e-16
457385.27 2.631005e-16
457843.80 2.620690e-16
458302.79 2.610375e-16
458762.24 2.600061e-16
459222.15 2.588953e-16
459682.52 2.578638e-16
460143.35 2.568324e-16
460604.65 2.558009e-16
461066.40 2.548488e-16
461528.62 2.538173e-16
461991.31 2.527859e-16
462454.45 2.518338e-16
462918.06 2.508023e-16
463382.14 2.497709e-16
463846.68 2.488188e-16
464311.69 2.477873e-16
464777.16 2.467558e-16
465243.10 2.458037e-16
465709.51 2.447723e-16
466176.38 2.437408e-16
466643.72 2.427094e-16
467111.53 2.416779e-16
467579.81 2.406465e-16
468048.56 2.394563e-16
468517.78 2.382662e-16
468987.47 2.372347e-16
469457.63 2.364413e-16
469928.27 2.357272e-16
470399.37 2.349338e-16
470870.94 2.340610e-16
471342.99 2.331882e-16
471815.52 2.323155e-16
472288.51 2.314427e-16
472761.98 2.304906e-16
473235.92 2.296178e-16
473710.34 2.286657e-16
474185.24 2.277929e-16
474660.61 2.268408e-16
475136.46 2.259681e-16
475612.78 2.250159e-16
476089.59 2.241432e-16
476566.87 2.232704e-16
477044.63 2.223183e-16
477522.86 2.214455e-16
478001.58 2.205728e-16
478480.78 2.197000e-16
478960.45 2.188272e-16
479440.61 2.179544e-16
479921.25 2.170817e-16
480402.37 2.162089e-16
480883.98 2.153361e-16
481366.07 2.144634e-16
481848.64 2.135906e-16
482331.69 2.127178e-16
482815.23 2.118451e-16
483299.25 2.109723e-16
483783.76 2.101789e-16
484268.75 2.093061e-16
484754.23 2.084333e-16
485240.20 2.076399e-16
485726.65 2.067671e-16
486213.59 2.058943e-16
486701.02 2.051009e-16
487188.94 2.042282e-16
487677.35 2.034347e-16
488166.25 2.025620e-16
488655.63 2.017685e-16
489145.51 2.008958e-16
489635.88 2.001023e-16
490126.74 1.992296e-16
490618.09 1.984361e-16
491109.94 1.976427e-16
491602.28 1.967699e-16
492095.11 1.959765e-16
492588.44 1.950244e-16
493082.26 1.940723e-16
493576.57 1.927235e-16
494071.38 1.905812e-16
494566.69 1.875662e-16
495062.49 1.864554e-16
495558.79 1.878836e-16
496055.59 1.886770e-16
496552.89 1.885183e-16
497050.68 1.880422e-16
497548.98 1.874868e-16
498047.77 1.867728e-16
498547.06 1.861380e-16
499046.86 1.854239e-16
499547.15 1.847098e-16
500047.95 1.839164e-16
500549.25 1.832023e-16
501051.05 1.824882e-16
501553.35 1.817742e-16
502056.16 1.809807e-16
502559.47 1.802667e-16
503063.29 1.795526e-16
503567.61 1.788385e-16
504072.44 1.781244e-16
504577.77 1.774103e-16
505083.61 1.766962e-16
505589.96 1.759821e-16
506096.81 1.752681e-16
506604.18 1.746333e-16
507112.05 1.739192e-16
507620.43 1.732051e-16
508129.32 1.724911e-16
508638.72 1.718563e-16
509148.63 1.711422e-16
509659.05 1.704282e-16
510169.98 1.697934e-16
510681.43 1.690793e-16
511193.39 1.684446e-16
511705.86 1.677305e-16
512218.85 1.670958e-16
512732.35 1.663817e-16
513246.36 1.657469e-16
513760.89 1.650329e-16
514275.94 1.643981e-16
514791.50 1.637634e-16
515307.58 1.630493e-16
515824.18 1.624145e-16
516341.29 1.617798e-16
516858.92 1.611451e-16
517377.07 1.604310e-16
517895.75 1.597962e-16
518414.94 1.591615e-16
518934.65 1.585267e-16
519454.88 1.578920e-16
519975.63 1.572573e-16
520496.91 1.566225e-16
521018.71 1.559878e-16
521541.03 1.553530e-16
522063.88 1.547183e-16
522587.25 1.540042e-16
523111.14 1.532901e-16
523635.56 1.524967e-16
524160.51 1.512272e-16
524685.98 1.486089e-16
525211.98 1.455939e-16
525738.50 1.459906e-16
526265.55 1.480535e-16
526793.14 1.486089e-16
527321.25 1.482915e-16
527849.89 1.478155e-16
528379.06 1.471807e-16
528908.76 1.466253e-16
529438.99 1.460699e-16
529969.75 1.455145e-16
530501.05 1.449591e-16
531032.88 1.444037e-16
531565.24 1.438483e-16
532098.13 1.432136e-16
532631.56 1.426582e-16
533165.52 1.421028e-16
533700.02 1.415474e-16
534235.06 1.409920e-16
534770.63 1.404366e-16
535306.74 1.398812e-16
535843.38 1.393258e-16
536380.57 1.387704e-16
536918.29 1.382150e-16
537456.55 1.376596e-16
537995.35 1.371042e-16
538534.69 1.365488e-16
539074.57 1.359934e-16
539615.00 1.354380e-16
540155.96 1.348826e-16
540697.47 1.343272e-16
541239.52 1.337718e-16
541782.11 1.332164e-16
542325.25 1.325817e-16
542868.93 1.319469e-16
543413.16 1.312329e-16
543957.93 1.305188e-16
544503.25 1.298047e-16
545049.11 1.294080e-16
545595.53 1.291699e-16
546142.49 1.287732e-16
546689.99 1.283765e-16
547238.05 1.279005e-16
547786.66 1.274244e-16
548335.82 1.269483e-16
548885.52 1.264723e-16
549435.78 1.259169e-16
549986.59 1.254408e-16
550537.95 1.249648e-16
551089.87 1.244094e-16
551642.34 1.238540e-16
552195.36 1.233779e-16
552748.94 1.227432e-16
553303.07 1.221878e-16
553857.75 1.214737e-16
554413.00 1.205216e-16
554968.80 1.194108e-16
555525.15 1.187760e-16
556082.07 1.187760e-16
556639.54 1.187760e-16
557197.57 1.185380e-16
557756.16 1.183000e-16
558315.31 1.179033e-16
558875.03 1.175066e-16
559435.30 1.171098e-16
559996.13 1.166338e-16
560557.53 1.161577e-16
561119.49 1.157610e-16
561682.01 1.152850e-16
562245.10 1.148089e-16
562808.75 1.143329e-16
563372.97 1.139361e-16
563937.75 1.134601e-16
564503.10 1.129840e-16
565069.01 1.125080e-16
565635.50 1.120319e-16
566202.55 1.116352e-16
566770.16 1.111592e-16
567338.35 1.106831e-16
567907.11 1.102864e-16
568476.44 1.098103e-16
569046.34 1.094136e-16
569616.81 1.089375e-16
570187.85 1.085408e-16
570759.46 1.080648e-16
571331.65 1.076681e-16
571904.41 1.071920e-16
572477.74 1.067953e-16
573051.65 1.063986e-16
573626.14 1.059225e-16
574201.20 1.055258e-16
574776.84 1.050498e-16
575353.05 1.046530e-16
575929.84 1.042563e-16
576507.21 1.037803e-16
577085.16 1.033836e-16
577663.69 1.029868e-16
578242.80 1.025108e-16
578822.49 1.021141e-16
579402.76 1.016380e-16
579983.61 1.012413e-16
580565.04 1.007652e-16
581147.06 1.003685e-16
581729.66 1.000512e-16
582312.85 9.965445e-17
582896.62 9.925774e-17
583480.97 9.886103e-17
584065.91 9.854365e-17
584651.44 9.814694e-17
585237.55 9.775023e-17
585824.25 9.735351e-17
586411.54 9.695680e-17
586999.42 9.656009e-17
587587.89 9.616337e-17
588176.95 9.584600e-17
588766.59 9.544929e-17
589356.83 9.505257e-17
589947.66 9.465586e-17
590539.09 9.425915e-17
591131.10 9.394178e-17
591723.71 9.354506e-17
592316.92 9.314835e-17
592910.72 9.275164e-17
593505.11 9.243426e-17
594100.10 9.203755e-17
594695.68 9.164084e-17
595291.87 9.132347e-17
595888.65 9.092676e-17
596486.03 9.053004e-17
597084.01 9.021267e-17
597682.58 8.981595e-17
598281.76 8.949859e-17
598881.54 8.910187e-17
599481.92 8.878450e-17
600082.90 8.838779e-17
600684.48 8.807042e-17
601286.67 8.767370e-17
601889.46 8.735633e-17
602492.86 8.695962e-17
603096.86 8.664225e-17
603701.46 8.624553e-17
604306.67 8.592816e-17
604912.49 8.561079e-17
605518.92 8.521408e-17
606125.95 8.489671e-17
606733.59 8.449999e-17
607341.84 8.418262e-17
607950.70 8.386525e-17
608560.17 8.346854e-17
609170.26 8.315117e-17
609780.95 8.283379e-17
610392.26 8.251643e-17
611004.18 8.211971e-17
611616.71 8.180234e-17
612229.85 8.148497e-17
612843.62 8.116760e-17
613457.99 8.077088e-17
614072.98 8.045351e-17
614688.59 8.013615e-17
615304.82 7.981877e-17
615921.66 7.950140e-17
616539.13 7.911263e-17
617157.21 7.867624e-17
617775.91 7.805736e-17
618395.23 7.704178e-17
619015.17 7.610553e-17
619635.73 7.625629e-17
620256.92 7.671648e-17
620878.73 7.677202e-17
621501.16 7.661333e-17
622124.21 7.636737e-17
622747.89 7.609760e-17
623372.20 7.580403e-17
623997.13 7.551047e-17
624622.69 7.521690e-17
625248.87 7.491539e-17
625875.69 7.462182e-17
626503.13 7.432033e-17
627131.20 7.402676e-17
627759.90 7.372525e-17
628389.23 7.343168e-17
629019.19 7.313812e-17
629649.78 7.284455e-17
630281.01 7.255098e-17
630912.86 7.225741e-17
631545.35 7.197178e-17
632178.48 7.167821e-17
632812.24 7.139258e-17
633446.63 7.109901e-17
634081.67 7.081338e-17
634717.33 7.052774e-17
635353.64 7.025004e-17
635990.58 6.996441e-17
636628.16 6.967878e-17
637266.38 6.940108e-17
637905.24 6.912337e-17
638544.74 6.883774e-17
639184.89 6.856004e-17
639825.67 6.828234e-17
640467.09 6.800464e-17
641109.16 6.772694e-17
641751.88 6.744925e-17
642395.23 6.717948e-17
643039.24 6.690178e-17
643683.88 6.661614e-17
644329.18 6.633844e-17
644975.12 6.605281e-17
645621.71 6.575924e-17
646268.94 6.545774e-17
646916.83 6.513243e-17
647565.36 6.477540e-17
648214.55 6.443422e-17
648864.38 6.420412e-17
649514.87 6.402957e-17
650166.01 6.383122e-17
650817.80 6.360906e-17
651470.25 6.335516e-17
652123.35 6.310126e-17
652777.10 6.283149e-17
653431.51 6.255380e-17
654086.58 6.229197e-17
654742.30 6.206981e-17
655398.68 6.185558e-17
656055.72 6.164135e-17
656713.41 6.141127e-17
657371.77 6.118117e-17
658030.79 6.095107e-17
658690.46 6.071305e-17
659350.80 6.047502e-17
660011.80 6.023699e-17
660673.46 5.999896e-17
661335.79 5.976093e-17
661998.78 5.952290e-17
662662.43 5.928487e-17
663326.75 5.904685e-17
663991.74 5.880882e-17
664657.39 5.856286e-17
665323.71 5.832483e-17
665990.70 5.808680e-17
666658.36 5.784878e-17
667326.68 5.760281e-17
667995.68 5.734891e-17
668665.34 5.707915e-17
669335.68 5.678559e-17
670006.69 5.643648e-17
670678.37 5.600009e-17
671350.73 5.562718e-17
672023.76 5.553990e-17
672697.47 5.551610e-17
673371.85 5.540502e-17
674046.90 5.523047e-17
674722.63 5.502417e-17
675399.04 5.482582e-17
676076.13 5.461953e-17
676753.90 5.442117e-17
677432.35 5.421488e-17
678111.47 5.400859e-17
678791.28 5.380230e-17
679471.77 5.358807e-17
680152.94 5.337385e-17
680834.79 5.316755e-17
681517.33 5.295333e-17
682200.55 5.273910e-17
682884.46 5.253281e-17
683569.05 5.231859e-17
684254.33 5.211230e-17
684940.30 5.189807e-17
685626.95 5.168385e-17
686314.29 5.146962e-17
687002.32 5.125540e-17
687691.05 5.101737e-17
688380.46 5.075553e-17
689070.56 5.035089e-17
689761.35 4.953366e-17
690452.84 4.852600e-17
691145.02 4.858154e-17
691837.89 4.923216e-17
692531.46 4.944638e-17
693225.72 4.936704e-17
693920.68 4.920835e-17
694616.34 4.902586e-17
695312.69 4.883544e-17
696009.75 4.864502e-17
696707.50 4.845460e-17
697405.95 4.826418e-17
698105.10 4.807375e-17
698804.95 4.788333e-17
699505.50 4.768497e-17
700206.76 4.749455e-17
700908.71 4.729619e-17
701611.38 4.710577e-17
702314.74 4.691535e-17
703018.81 4.672492e-17
703723.59 4.653450e-17
704429.07 4.634408e-17
705135.26 4.615366e-17
705842.16 4.596324e-17
706549.77 4.578075e-17
707258.09 4.559826e-17
707967.12 4.541577e-17
708676.85 4.524122e-17
709387.30 4.505873e-17
710098.46 4.488417e-17
710810.34 4.470169e-17
711522.93 4.452713e-17
712236.23 4.434464e-17
712950.25 4.417009e-17
713664.98 4.399554e-17
714380.43 4.382098e-17
715096.60 4.363850e-17
715813.48 4.346394e-17
716531.09 4.328939e-17
717249.41 4.311483e-17
717968.45 4.294821e-17
718688.22 4.277366e-17
719408.70 4.259910e-17
720129.91 4.243249e-17
720851.84 4.225793e-17
721574.50 4.209131e-17
722297.88 4.191676e-17
723021.98 4.175014e-17
723746.81 4.158352e-17
724472.37 4.141690e-17
725198.65 4.125028e-17
725925.67 4.108366e-17
726653.41 4.091704e-17
727381.88 4.075042e-17
728111.08 4.058380e-17
728841.01 4.042511e-17
729571.68 4.025849e-17
730303.07 4.009981e-17
731035.20 3.993319e-17
731768.06 3.977450e-17
732501.66 3.961582e-17
733236.00 3.945713e-17
733971.07 3.929051e-17
734706.87 3.913183e-17
735443.42 3.897314e-17
736180.70 3.882239e-17
736918.72 3.866371e-17
737657.49 3.850502e-17
738396.99 3.834634e-17
739137.23 3.819558e-17
739878.22 3.803690e-17
740619.95 3.788615e-17
741362.42 3.772746e-17
742105.64 3.757671e-17
742849.60 3.742596e-17
743594.30 3.726727e-17
744339.76 3.711652e-17
745085.96 3.697371e-17
745832.91 3.682295e-17
746580.61 3.667220e-17
747329.06 3.652939e-17
748078.25 3.637864e-17
748828.20 3.623582e-17
749578.90 3.609300e-17
750330.36 3.594225e-17
751082.57 3.579943e-17
751835.53 3.565662e-17
752589.24 3.551380e-17
753343.71 3.537098e-17
754098.94 3.522023e-17
754854.93 3.507741e-17
755611.67 3.493460e-17
756369.17 3.478385e-17
757127.43 3.463310e-17
757886.45 3.448234e-17
758646.24 3.432366e-17
759406.78 3.415704e-17
760168.09 3.395075e-17
760930.16 3.368098e-17
761692.99 3.326840e-17
762456.59 3.291929e-17
763220.95 3.295897e-17
763986.08 3.306211e-17
764751.98 3.304624e-17
765518.64 3.299070e-17
766286.08 3.291929e-17
767054.28 3.282408e-17
767823.25 3.271300e-17
768592.99 3.259399e-17
769363.51 3.247498e-17
770134.80 3.234803e-17
770906.86 3.222108e-17
771679.69 3.209413e-17
772453.30 3.196718e-17
773227.69 3.184023e-17
774002.85 3.171328e-17
774778.79 3.158634e-17
775555.51 3.145145e-17
776333.00 3.132451e-17
777111.28 3.119756e-17
777890.33 3.107061e-17
778670.17 3.093572e-17
779450.78 3.080878e-17
780232.18 3.068976e-17
781014.37 3.057075e-17
781797.34 3.045173e-17
782581.09 3.033272e-17
783365.63 3.021371e-17
784150.95 3.009469e-17
784937.06 2.997568e-17
785723.97 2.985666e-17
786511.65 2.973765e-17
787300.13 2.961864e-17
788089.40 2.949962e-17
788879.46 2.938061e-17
789670.32 2.926159e-17
790461.96 2.914258e-17
791254.40 2.903150e-17
792047.63 2.891249e-17
792841.66 2.879347e-17
793636.49 2.868239e-17
794432.11 2.856338e-17
795228.53 2.845230e-17
796025.75 2.834122e-17
796823.76 2.822220e-17
797622.58 2.811112e-17
798422.20 2.800004e-17
799222.62 2.787309e-17
800023.84 2.772234e-17
800825.86 2.754779e-17
801628.69 2.734943e-17
802432.32 2.718281e-17
803236.76 2.712728e-17
804042.01 2.709554e-17
804848.06 2.703206e-17
805654.92 2.694479e-17
806462.59 2.684957e-17
807271.07 2.674643e-17
808080.36 2.664328e-17
808890.47 2.654014e-17
809701.38 2.644493e-17
810513.11 2.633385e-17
811325.65 2.623070e-17
812139.00 2.612756e-17
812953.17 2.602441e-17
813768.16 2.592127e-17
814583.96 2.581812e-17
815400.58 2.571497e-17
816218.02 2.561183e-17
817036.28 2.550868e-17
817855.36 2.540554e-17
818675.26 2.531033e-17
819495.99 2.520718e-17
820317.53 2.510403e-17
821139.90 2.500089e-17
821963.09 2.490568e-17
822787.11 2.480253e-17
823611.96 2.469939e-17
824437.63 2.460418e-17
825264.13 2.450103e-17
826091.46 2.440582e-17
826919.62 2.430267e-17
827748.60 2.420746e-17
828578.42 2.411225e-17
829409.07 2.401704e-17
830240.56 2.391389e-17
831072.87 2.381868e-17
831906.03 2.372347e-17
832740.01 2.362826e-17
833574.84 2.353305e-17
834410.49 2.343784e-17
835246.99 2.334263e-17
836084.33 2.324742e-17
836922.50 2.315220e-17
837761.52 2.305699e-17
838601.38 2.296972e-17
839442.08 2.287451e-17
840283.62 2.277929e-17
841126.00 2.269202e-17
841969.23 2.259681e-17
842813.31 2.250953e-17
843658.23 2.241432e-17
844504.00 2.232704e-17
845350.61 2.223183e-17
846198.08 2.214455e-17
847046.39 2.205728e-17
847895.56 2.197000e-17
848745.57 2.188272e-17
849596.44 2.179544e-17
850448.16 2.170817e-17
851300.74 2.162089e-17
852154.17 2.153361e-17
853008.45 2.144634e-17
853863.60 2.135906e-17
854719.60 2.127178e-17
855576.45 2.118451e-17
856434.17 2.110516e-17
857292.75 2.101789e-17
858152.18 2.093061e-17
859012.48 2.085127e-17
859873.64 2.076399e-17
860735.67 2.068465e-17
861598.56 2.059737e-17
862462.31 2.051803e-17
863326.93 2.043075e-17
864192.41 2.035141e-17
865058.77 2.026413e-17
865925.99 2.018479e-17
866794.08 2.010544e-17
867663.04 2.002610e-17
868532.88 1.993882e-17
869403.58 1.985948e-17
870275.16 1.978014e-17
871147.61 1.970080e-17
872020.94 1.962145e-17
872895.14 1.954211e-17
873770.22 1.946277e-17
874646.18 1.938343e-17
875523.01 1.930408e-17
876400.72 1.921681e-17
877279.32 1.913746e-17
878158.79 1.905812e-17
879039.14 1.897878e-17
879920.38 1.889944e-17
880802.50 1.881216e-17
881685.51 1.873282e-17
882569.40 1.865347e-17
883454.18 1.857413e-17
884339.84 1.848685e-17
885226.39 1.835990e-17
886113.83 1.812981e-17
887002.16 1.776483e-17
887891.38 1.766962e-17
888781.50 1.787591e-17
889672.50 1.797906e-17
890564.40 1.795526e-17
891457.19 1.789178e-17
892350.88 1.781244e-17
893245.46 1.773310e-17
894140.94 1.766169e-17
895037.32 1.761408e-17
895934.59 1.755854e-17
896832.77 1.749507e-17
897731.84 1.743160e-17
898631.82 1.736812e-17
899532.70 1.729671e-17
900434.48 1.723324e-17
901337.17 1.716183e-17
902240.76 1.709836e-17
903145.26 1.702695e-17
904050.66 1.696347e-17
904956.97 1.689206e-17
905864.19 1.682859e-17
906772.32 1.675718e-17
907681.36 1.669371e-17
908591.32 1.662230e-17
909502.18 1.655883e-17
910413.96 1.649535e-17
911326.65 1.642394e-17
912240.25 1.636047e-17
913154.78 1.628906e-17
914070.21 1.622559e-17
914986.57 1.616211e-17
915903.85 1.609070e-17
916822.04 1.602723e-17
917741.16 1.596376e-17
918661.19 1.589235e-17
919582.15 1.582887e-17
920504.03 1.576540e-17
921426.84 1.569399e-17
922350.57 1.562258e-17
923275.23 1.554324e-17
924200.81 1.544009e-17
925127.33 1.528934e-17
926054.77 1.512272e-17
926983.14 1.509099e-17
927912.44 1.514652e-17
928842.67 1.515446e-17
929773.84 1.512272e-17
930705.94 1.507512e-17
931638.97 1.501958e-17
932572.94 1.496404e-17
933507.85 1.490056e-17
934443.69 1.484502e-17
935380.47 1.478948e-17
936318.19 1.472601e-17
937256.85 1.467047e-17
938196.45 1.460699e-17
939136.99 1.455145e-17
940078.48 1.448798e-17
941020.91 1.443244e-17
941964.29 1.436897e-17
942908.61 1.431343e-17
943853.87 1.424995e-17
944800.09 1.418648e-17
945747.25 1.412300e-17
946695.36 1.405953e-17
947644.43 1.398019e-17
948594.44 1.389291e-17
949545.41 1.381357e-17
950497.33 1.378183e-17
951450.20 1.375803e-17
952404.03 1.371836e-17
953358.82 1.367868e-17
954314.56 1.363108e-17
955271.26 1.357554e-17
956228.92 1.352793e-17
957187.54 1.347239e-17
958147.13 1.341685e-17
959107.67 1.336925e-17
960069.18 1.331371e-17
961031.65 1.325817e-17
961995.08 1.321056e-17
962959.48 1.315502e-17
963924.85 1.309948e-17
964891.19 1.305188e-17
965858.49 1.299634e-17
966826.77 1.294080e-17
967796.01 1.289319e-17
968766.23 1.283765e-17
969737.42 1.279005e-17
970709.58 1.273451e-17
971682.72 1.268690e-17
972656.83 1.263136e-17
973631.92 1.258375e-17
974607.99 1.253615e-17
975585.03 1.248061e-17
976563.06 1.243300e-17
977542.06 1.238540e-17
978522.05 1.232986e-17
979503.02 1.228225e-17
980484.97 1.223465e-17
981467.91 1.218704e-17
982451.83 1.213150e-17
983436.74 1.208390e-17
984422.64 1.203629e-17
985409.52 1.198868e-17
986397.40 1.194108e-17
987386.26 1.189347e-17
988376.12 1.184587e-17
989366.97 1.179826e-17
990358.81 1.175066e-17
991351.64 1.170305e-17
992345.48 1.165545e-17
993340.30 1.160784e-17
994336.13 1.156023e-17
995332.95 1.151263e-17
996330.77 1.146502e-17
997329.60 1.141742e-17
998329.42 1.137775e-17
999330.25 1.133014e-17
1000332.08 1.128253e-17
1001334.91 1.123493e-17
1002338.75 1.118732e-17
1003343.60 1.113972e-17
1004349.45 1.110005e-17
1005356.31 1.105244e-17
1006364.18 1.100483e-17
1007373.06 1.096516e-17
1008382.95 1.091756e-17
1009393.86 1.086995e-17
1010405.78 1.082235e-17
1011418.71 1.077474e-17
1012432.66 1.073507e-17
1013447.62 1.068746e-17
1014463.61 1.064779e-17
1015480.61 1.060812e-17
1016498.63 1.056052e-17
1017517.67 1.052084e-17
1018537.73 1.048117e-17
1019558.82 1.044150e-17
1020580.93 1.040183e-17
1021604.06 1.035422e-17
1022628.22 1.031455e-17
1023653.41 1.027488e-17
1024679.62 1.023521e-17
1025706.86 1.019554e-17
1026735.13 1.015587e-17
1027764.44 1.010826e-17
1028794.77 1.006859e-17
1029826.14 1.002892e-17
1030858.54 9.989248e-18
1031891.98 9.941642e-18
1032926.45 9.901971e-18
1033961.96 9.854366e-18
1034998.51 9.814694e-18
1036036.10 9.767088e-18
1037074.72 9.727417e-18
1038114.39 9.695680e-18
1039155.10 9.656009e-18
1040196.86 9.624271e-18
1041239.66 9.592535e-18
1042283.50 9.552863e-18
1043328.39 9.513192e-18
1044374.33 9.481454e-18
1045421.32 9.441784e-18
1046469.35 9.402112e-18
1047518.44 9.362440e-18
1048568.58 9.330703e-18
1049619.77 9.291032e-18
1050672.01 9.251361e-18
1051725.31 9.219624e-18
1052779.67 9.179952e-18
1053835.08 9.140281e-18
1054891.55 9.108544e-18
1055949.08 9.068872e-18
1057007.67 9.037135e-18
1058067.32 8.997464e-18
1059128.04 8.957793e-18
1060189.81 8.926056e-18
1061252.66 8.886384e-18
1062316.56 8.854648e-18
1063381.54 8.814976e-18
1064447.58 8.783239e-18
1065514.69 8.743567e-18
1066582.87 8.711831e-18
1067652.12 8.672159e-18
1068722.44 8.640422e-18
1069793.84 8.608685e-18
1070866.31 8.569014e-18
1071939.85 8.537277e-18
1073014.47 8.505539e-18
1074090.17 8.465868e-18
1075166.95 8.434130e-18
1076244.80 8.402394e-18
1077323.74 8.362722e-18
1078403.76 8.330985e-18
1079484.86 8.299248e-18
1080567.04 8.267511e-18
1081650.31 8.235774e-18
1082734.67 8.196103e-18
1083820.11 8.164365e-18
1084906.64 8.132629e-18
1085994.26 8.100892e-18
1087082.97 8.069154e-18
1088172.78 8.037417e-18
1089263.67 8.005680e-18
1090355.66 7.973943e-18
1091448.74 7.942206e-18
1092542.92 7.907295e-18
1093638.20 7.875558e-18
1094734.57 7.843821e-18
1095832.04 7.812084e-18
1096930.61 7.780347e-18
1098030.29 7.748609e-18
1099131.07 7.716873e-18
1100232.95 7.684342e-18
1101335.93 7.651812e-18
1102440.02 7.620075e-18
1103545.22 7.587544e-18
1104651.52 7.555014e-18
1105758.94 7.521690e-18
1106867.46 7.487572e-18
1107977.10 7.449488e-18
1109087.85 7.405056e-18
1110199.71 7.343962e-18
1111312.69 7.263825e-18
1112426.78 7.213840e-18
1113541.99 7.217014e-18
1114658.31 7.220187e-18
1115775.76 7.195591e-18
1116894.33 7.115455e-18
1118014.01 6.989300e-18
1119134.82 6.969464e-18
1120256.76 7.047220e-18
1121379.82 7.080544e-18
1122504.00 7.071816e-18
1123629.31 7.051187e-18
1124755.75 7.025797e-18
1125883.32 6.999615e-18
1127012.02 6.971845e-18
1128141.85 6.944868e-18
1129272.82 6.917098e-18
1130404.91 6.889328e-18
1131538.15 6.861558e-18
1132672.51 6.834581e-18
1133808.02 6.806812e-18
1134944.66 6.779042e-18
1136082.45 6.752065e-18
1137221.37 6.725089e-18
1138361.44 6.697319e-18
1139502.64 6.670342e-18
1140645.00 6.643366e-18
1141788.50 6.616389e-18
1142933.14 6.589413e-18
1144078.93 6.562436e-18
1145225.87 6.535460e-18
1146373.96 6.508483e-18
1147523.20 6.482300e-18
1148673.60 6.455323e-18
1149825.14 6.428347e-18
1150977.84 6.401370e-18
1152131.70 6.374394e-18
1153286.71 6.348211e-18
1154442.89 6.321234e-18
1155600.22 6.295051e-18
1156758.71 6.269661e-18
1157918.36 6.245859e-18
1159079.17 6.221263e-18
1160241.15 6.197460e-18
1161404.29 6.173657e-18
1162568.60 6.149060e-18
1163734.08 6.124464e-18
1164900.72 6.100661e-18
1166068.54 6.076065e-18
1167237.52 6.051469e-18
1168407.68 6.027666e-18
1169579.01 6.003070e-18
1170751.52 5.979267e-18
1171925.20 5.955464e-18
1173100.05 5.931662e-18
1174276.09 5.907859e-18
1175453.30 5.884056e-18
1176631.69 5.860253e-18
1177811.27 5.836450e-18
1178992.02 5.813441e-18
1180173.97 5.789638e-18
1181357.09 5.766629e-18
1182541.40 5.742826e-18
1183726.90 5.719817e-18
1184913.59 5.696014e-18
1186101.47 5.673004e-18
1187290.53 5.649201e-18
1188480.79 5.625399e-18
1189672.25 5.601596e-18
1190864.90 5.577000e-18
1192058.74 5.551610e-18
1193253.78 5.527014e-18
1194450.02 5.505591e-18
1195647.46 5.485756e-18
1196846.09 5.465920e-18
1198045.93 5.446084e-18
1199246.98 5.424662e-18
1200449.22 5.403239e-18
1201652.67 5.382610e-18
1202857.33 5.361188e-18
1204063.20 5.339765e-18
1205270.27 5.319136e-18
1206478.56 5.297713e-18
1207688.05 5.276291e-18
1208898.76 5.255662e-18
1210110.68 5.234239e-18
1211323.82 5.213610e-18
1212538.18 5.192187e-18
1213753.75 5.171558e-18
1214970.54 5.150929e-18
1216188.55 5.130300e-18
1217407.78 5.109671e-18
1218628.23 5.089042e-18
1219849.91 5.068413e-18
1221072.81 5.047784e-18
1222296.93 5.027155e-18
1223522.29 5.007319e-18
1224748.87 4.986690e-18
1225976.68 4.966854e-18
1227205.72 4.947019e-18
1228436.00 4.927183e-18
1229667.51 4.907347e-18
1230900.25 4.887511e-18
1232134.23 4.867676e-18
1233369.45 4.847840e-18
1234605.90 4.828004e-18
1235843.59 4.808962e-18
1237082.53 4.789126e-18
1238322.71 4.770084e-18
1239564.13 4.751042e-18
1240806.79 4.731206e-18
1242050.70 4.712164e-18
1243295.86 4.693122e-18
1244542.26 4.674873e-18
1245789.92 4.655831e-18
1247038.82 4.636788e-18
1248288.98 4.618539e-18
1249540.39 4.599497e-18
1250793.06 4.581248e-18
1252046.98 4.563000e-18
1253302.16 4.543957e-18
1254558.60 4.525709e-18
1255816.29 4.507460e-18
1257075.25 4.489211e-18
1258335.47 4.471755e-18
1259596.95 4.453507e-18
1260859.70 4.435258e-18
1262123.71 4.417802e-18
1263388.99 4.399554e-18
1264655.54 4.382098e-18
1265923.36 4.363849e-18
1267192.45 4.346394e-18
1268462.81 4.328938e-18
1269734.45 4.311483e-18
1271007.36 4.294028e-18
1272281.54 4.276573e-18
1273557.01 4.259117e-18
1274833.75 4.242455e-18
1276111.77 4.225000e-18
1277391.08 4.207544e-18
1278671.66 4.190882e-18
1279953.53 4.173427e-18
1281236.69 4.156765e-18
1282521.13 4.139309e-18
1283806.86 4.122647e-18
1285093.88 4.105986e-18
1286382.18 4.088530e-18
1287671.78 4.071075e-18
1288962.68 4.053619e-18
1290254.86 4.036164e-18
1291548.34 4.017122e-18
1292843.12 3.997286e-18
1294139.20 3.975070e-18
1295436.58 3.956028e-18
1296735.25 3.944127e-18
1298035.23 3.933812e-18
1299336.51 3.920324e-18
1300639.10 3.906042e-18
1301942.99 3.890967e-18
1303248.19 3.875892e-18
1304554.70 3.860817e-18
1305862.52 3.845741e-18
1307171.64 3.829873e-18
1308482.09 3.814004e-18
1309793.84 3.798136e-18
1311106.91 3.782267e-18
1312421.30 3.766399e-18
1313737.00 3.750530e-18
1315054.02 3.733868e-18
1316372.37 3.717206e-18
1317692.03 3.696577e-18
1319013.02 3.669601e-18
1320335.33 3.635483e-18
1321658.97 3.620408e-18
1322983.93 3.625169e-18
1324310.23 3.623582e-18
1325637.85 3.614854e-18
1326966.80 3.603746e-18
1328297.09 3.590258e-18
1329628.71 3.576770e-18
1330961.66 3.563281e-18
1332295.95 3.549000e-18
1333631.58 3.534718e-18
1334968.55 3.521230e-18
1336306.86 3.506948e-18
1337646.51 3.492666e-18
1338987.50 3.479178e-18
1340329.83 3.464896e-18
1341673.52 3.450615e-18
1343018.55 3.437127e-18
1344364.92 3.422845e-18
1345712.65 3.409357e-18
1347061.73 3.395868e-18
1348412.16 3.381587e-18
1349763.94 3.368098e-18
1351117.08 3.354610e-18
1352471.58 3.341122e-18
1353827.44 3.327633e-18
1355184.65 3.314145e-18
1356543.22 3.299864e-18
1357903.16 3.286375e-18
1359264.46 3.272887e-18
1360627.12 3.259399e-18
1361991.15 3.245117e-18
1363356.55 3.230835e-18
1364723.32 3.217347e-18
1366091.45 3.203859e-18
1367460.96 3.191957e-18
1368831.84 3.180056e-18
1370204.10 3.168155e-18
1371577.73 3.155460e-18
1372952.74 3.143558e-18
1374329.13 3.130864e-18
1375706.89 3.118169e-18
1377086.04 3.105474e-18
1378466.57 3.092779e-18
1379848.48 3.079291e-18
1381231.78 3.064216e-18
1382616.47 3.045173e-18
1384002.55 3.013436e-18
1385390.01 2.960277e-18
1386778.86 2.933300e-18
1388169.11 2.958690e-18
1389560.75 2.977732e-18
1390953.79 2.976939e-18
1392348.22 2.969005e-18
1393744.05 2.957897e-18
1395141.28 2.946789e-18
1396539.91 2.935681e-18
1397939.95 2.923779e-18
1399341.38 2.911878e-18
1400744.22 2.899976e-18
1402148.47 2.888868e-18
1403554.13 2.876967e-18
1404961.19 2.865859e-18
1406369.67 2.853958e-18
1407779.55 2.842850e-18
1409190.86 2.830948e-18
1410603.57 2.819840e-18
1412017.70 2.808732e-18
1413433.25 2.796831e-18
1414850.22 2.785723e-18
1416268.61 2.774615e-18
1417688.42 2.763507e-18
1419109.65 2.752399e-18
1420532.31 2.741291e-18
1421956.40 2.730183e-18
1423381.91 2.719075e-18
1424808.85 2.707967e-18
1426237.23 2.696859e-18
1427667.03 2.686544e-18
1429098.27 2.675436e-18
1430530.94 2.664328e-18
1431965.05 2.654014e-18
1433400.60 2.642906e-18
1434837.58 2.632591e-18
1436276.01 2.621483e-18
1437715.88 2.611169e-18
1439157.19 2.600061e-18
1440599.95 2.589746e-18
1442044.15 2.579432e-18
1443489.80 2.569117e-18
1444936.90 2.558803e-18
1446385.45 2.548488e-18
1447835.45 2.537380e-18
1449286.91 2.527066e-18
1450739.82 2.516751e-18
1452194.19 2.507230e-18
1453650.02 2.496915e-18
1455107.30 2.486601e-18
1456566.05 2.476286e-18
1458026.26 2.465972e-18
1459487.93 2.456451e-18
1460951.07 2.446136e-18
1462415.68 2.436615e-18
1463881.75 2.426300e-18
1465349.29 2.416779e-18
1466818.31 2.407258e-18
1468288.79 2.397737e-18
1469760.76 2.387422e-18
1471234.19 2.377901e-18
1472709.11 2.368380e-18
1474185.50 2.358859e-18
1475663.37 2.349338e-18
1477142.73 2.339817e-18
1478623.56 2.330296e-18
1480105.89 2.319981e-18
1481589.69 2.310460e-18
1483074.99 2.300939e-18
1484561.77 2.291418e-18
1486050.05 2.282690e-18
1487539.81 2.273169e-18
1489031.07 2.263648e-18
1490523.83 2.253333e-18
1492018.08 2.243019e-18
1493513.83 2.231911e-18
1495011.08 2.220803e-18
1496509.83 2.212868e-18
1498010.08 2.206521e-18
1499511.84 2.199380e-18
1501015.10 2.191446e-18
1502519.87 2.183512e-18
1504026.15 2.175577e-18
1505533.94 2.166850e-18
1507043.24 2.158122e-18
1508554.05 2.149394e-18
1510066.38 2.141460e-18
1511580.22 2.132732e-18
1513095.58 2.124005e-18
1514612.46 2.115277e-18
1516130.86 2.107342e-18
1517650.79 2.098615e-18
1519172.23 2.089887e-18
1520695.21 2.081953e-18
1522219.70 2.073225e-18
1523745.73 2.065291e-18
1525273.29 2.056563e-18
1526802.38 2.048629e-18
1528333.00 2.039901e-18
1529865.15 2.031967e-18
1531398.84 2.023239e-18
1532934.07 2.015305e-18
1534470.84 2.007371e-18
1536009.15 1.998643e-18
1537549.00 1.990709e-18
1539090.40 1.982774e-18
1540633.34 1.974047e-18
1542177.82 1.966113e-18
1543723.86 1.958178e-18
1545271.44 1.949450e-18
1546820.58 1.940723e-18
1548371.27 1.931995e-18
1549923.51 1.921681e-18
1551477.31 1.910573e-18
1553032.67 1.895498e-18
1554589.59 1.881216e-18
1556148.07 1.878042e-18
1557708.11 1.878836e-18
1559269.71 1.875662e-18
1560832.88 1.870108e-18
1562397.62 1.863760e-18
1563963.92 1.857413e-18
1565531.80 1.850272e-18
1567101.25 1.843131e-18
1568672.27 1.835990e-18
1570244.86 1.828850e-18
1571819.03 1.821709e-18
1573394.78 1.813774e-18
1574972.11 1.806634e-18
1576551.03 1.799493e-18
1578131.52 1.792352e-18
1579713.60 1.785211e-18
1581297.26 1.778070e-18
1582882.52 1.770929e-18
1584469.36 1.763789e-18
1586057.79 1.756648e-18
1587647.81 1.749507e-18
1589239.43 1.742366e-18
1590832.65 1.735225e-18
1592427.46 1.728084e-18
1594023.87 1.721737e-18
1595621.88 1.714596e-18
1597221.49 1.707455e-18
1598822.71 1.699521e-18
1600425.53 1.692380e-18
1602029.96 1.686826e-18
1603636.00 1.679685e-18
1605243.64 1.673338e-18
1606852.90 1.666197e-18
1608463.77 1.659850e-18
1610076.26 1.652709e-18
1611690.36 1.646361e-18
1613306.09 1.640014e-18
1614923.43 1.632873e-18
1616542.39 1.626526e-18
1618162.98 1.620178e-18
1619785.19 1.613037e-18
1621409.02 1.606690e-18
1623034.49 1.600343e-18
1624661.58 1.593995e-18
1626290.31 1.586854e-18
1627920.66 1.580507e-18
1629552.66 1.574160e-18
1631186.28 1.567812e-18
1632821.55 1.561465e-18
1634458.46 1.555117e-18
1636097.00 1.549563e-18
1637737.19 1.543216e-18
1639379.03 1.536868e-18
1641022.50 1.530521e-18
1642667.63 1.524174e-18
1644314.41 1.518620e-18
1645962.83 1.512272e-18
1647612.91 1.505925e-18
1649264.65 1.499577e-18
1650918.04 1.494023e-18
1652573.09 1.487676e-18
1654229.79 1.481328e-18
1655888.16 1.475775e-18
1657548.19 1.469427e-18
1659209.88 1.463873e-18
1660873.24 1.457526e-18
1662538.27 1.451972e-18
1664204.97 1.445624e-18
1665873.33 1.440070e-18
1667543.37 1.433723e-18
1669215.09 1.428169e-18
1670888.48 1.422615e-18
1672563.55 1.417061e-18
1674240.29 1.411507e-18
1675918.72 1.405953e-18
1677598.83 1.399606e-18
1679280.63 1.394052e-18
1680964.11 1.388498e-18
1682649.28 1.382944e-18
1684336.13 1.377390e-18
1686024.68 1.371042e-18
1687714.92 1.364695e-18
1689406.86 1.356760e-18
1691100.49 1.343272e-18
1692795.82 1.321850e-18
1694492.85 1.308361e-18
1696191.58 1.317883e-18
1697892.02 1.325817e-18
1699594.16 1.325023e-18
1701298.00 1.321056e-18
1703003.55 1.316296e-18
1704710.82 1.311535e-18
1706419.79 1.305981e-18
1708130.48 1.300427e-18
1709842.88 1.294873e-18
1711557.00 1.289319e-18
1713272.84 1.282972e-18
1714990.40 1.276624e-18
1716709.68 1.271864e-18
1718430.68 1.267897e-18
1720153.41 1.263929e-18
1721877.87 1.259169e-18
1723604.05 1.254408e-18
1725331.97 1.249648e-18
1727061.61 1.244887e-18
1728792.99 1.240127e-18
1730526.11 1.235366e-18
1732260.97 1.229812e-18
1733997.56 1.225052e-18
1735735.89 1.220291e-18
1737475.97 1.215530e-18
1739217.79 1.209976e-18
1740961.36 1.205216e-18
1742706.68 1.200455e-18
1744453.74 1.195695e-18
1746202.56 1.190934e-18
1747953.13 1.186174e-18
1749705.45 1.181413e-18
1751459.54 1.175859e-18
1753215.38 1.171099e-18
1754972.98 1.166338e-18
1756732.34 1.161577e-18
1758493.47 1.156817e-18
1760256.36 1.152056e-18
1762021.02 1.147296e-18
1763787.44 1.143329e-18
1765555.64 1.138568e-18
1767325.61 1.134601e-18
1769097.36 1.129840e-18
1770870.88 1.125080e-18
1772646.18 1.121113e-18
1774423.26 1.116352e-18
1776202.12 1.111591e-18
1777982.77 1.107624e-18
1779765.20 1.102864e-18
1781549.42 1.098897e-18
1783335.42 1.094136e-18
1785123.22 1.089375e-18
1786912.80 1.085408e-18
1788704.19 1.080648e-18
1790497.36 1.076681e-18
1792292.34 1.071920e-18
1794089.12 1.067953e-18
1795887.69 1.063192e-18
1797688.07 1.058432e-18
1799490.26 1.053671e-18
1801294.25 1.049704e-18
1803100.05 1.045737e-18
1804907.66 1.041770e-18
1806717.08 1.037009e-18
1808528.31 1.032249e-18
1810341.37 1.025901e-18
1812156.24 1.018761e-18
1813972.92 1.011620e-18
1815791.43 1.008446e-18
1817611.77 1.008446e-18
1819433.93 1.006859e-18
1821257.91 1.003685e-18
1823083.72 9.997182e-19
1824911.37 9.965445e-19
1826740.84 9.925773e-19
1828572.15 9.886103e-19
1830405.30 9.846431e-19
1832240.28 9.806760e-19
1834077.10 9.767088e-19
1835915.77 9.727418e-19
1837756.28 9.687746e-19
1839598.63 9.648074e-19
1841442.83 9.608403e-19
1843288.88 9.568731e-19
1845136.78 9.536994e-19
1846986.53 9.497323e-19
1848838.14 9.457652e-19
1850691.60 9.417981e-19
1852546.92 9.378309e-19
1854404.10 9.338638e-19
1856263.14 9.306901e-19
1858124.05 9.267229e-19
1859986.82 9.227557e-19
1861851.46 9.187887e-19
1863717.97 9.156149e-19
1865586.34 9.116479e-19
1867456.60 9.076807e-19
1869328.72 9.045070e-19
1871202.73 9.005398e-19
1873078.61 8.973662e-19
1874956.38 8.933990e-19
1876836.02 8.902253e-19
1878717.55 8.862582e-19
1880600.97 8.830845e-19
1882486.27 8.791173e-19
1884373.47 8.759436e-19
1886262.55 8.719765e-19
1888153.53 8.688028e-19
1890046.41 8.648356e-19
1891941.18 8.616619e-19
1893837.86 8.584882e-19
1895736.43 8.545211e-19
1897636.91 8.513474e-19
1899539.29 8.481736e-19
1901443.58 8.442065e-19
1903349.78 8.410328e-19
1905257.89 8.378591e-19
1907167.92 8.338919e-19
1909079.85 8.307183e-19
1910993.71 8.275445e-19
1912909.48 8.243708e-19
1914827.18 8.211971e-19
1916746.79 8.172300e-19
1918668.33 8.140563e-19
1920591.80 8.108826e-19
1922517.20 8.077088e-19
1924444.52 8.045351e-19
1926373.78 8.013615e-19
1928304.97 7.981877e-19
1930238.10 7.950140e-19
1932173.17 7.913643e-19
1934110.17 7.881905e-19
1936049.12 7.849375e-19
1937990.01 7.817638e-19
1939932.85 7.785901e-19
1941877.63 7.753370e-19
1943824.37 7.721633e-19
1945773.05 7.689103e-19
1947723.69 7.656572e-19
1949676.29 7.623248e-19
1951630.84 7.589131e-19
1953587.35 7.553427e-19
1955545.83 7.518516e-19
1957506.27 7.489952e-19
1959468.67 7.465356e-19
1961433.04 7.438380e-19
1963399.38 7.410610e-19
1965367.69 7.382046e-19
1967337.97 7.353483e-19
1969310.23 7.324126e-19
1971284.46 7.293976e-19
1973260.68 7.264619e-19
1975238.88 7.234469e-19
1977219.05 7.204319e-19
1979201.22 7.174168e-19
1981185.37 7.146398e-19
1983171.51 7.118628e-19
1985159.64 7.090858e-19
1987149.77 7.063088e-19
1989141.89 7.035318e-19
1991136.00 7.007549e-19
1993132.12 6.979779e-19
1995130.24 6.952009e-19
1997130.36 6.922652e-19
1999132.48 6.891709e-19
2001136.62 6.864732e-19
2003142.76 6.840929e-19
2005150.91 6.813953e-19
2007161.08 6.786976e-19
2009173.26 6.759206e-19
2011187.46 6.732230e-19
2013203.68 6.705253e-19
2015221.91 6.677483e-19
2017242.18 6.650506e-19
2019264.46 6.623530e-19
2021288.78 6.597347e-19
2023315.12 6.570371e-19
2025343.50 6.543394e-19
2027373.91 6.516417e-19
2029406.35 6.490234e-19
2031440.84 6.462464e-19
2033477.36 6.434694e-19
2035515.92 6.405338e-19
2037556.53 6.370427e-19
2039599.18 6.321234e-19
2041643.88 6.237131e-19
2043690.63 6.152234e-19
2045739.43 6.164929e-19
2047790.29 6.207774e-19
2049843.20 6.214121e-19
2051898.17 6.199840e-19
2053955.20 6.179211e-19
2056014.30 6.156201e-19
2058075.45 6.132399e-19
2060138.68 6.107802e-19
2062203.97 6.084000e-19
2064271.33 6.059404e-19
2066340.76 6.034807e-19
2068412.27 6.010211e-19
2070485.86 5.986408e-19
2072561.52 5.961812e-19
2074639.27 5.938009e-19
2076719.10 5.914206e-19
2078801.01 5.889610e-19
2080885.01 5.865807e-19
2082971.10 5.842004e-19
2085059.28 5.817408e-19
2087149.55 5.793605e-19
2089241.92 5.769009e-19
2091336.39 5.744413e-19
2093432.96 5.718230e-19
2095531.63 5.689666e-19
2097632.40 5.656342e-19
2099735.28 5.615878e-19
2101840.27 5.586521e-19
2103947.36 5.579380e-19
2106056.57 5.571446e-19
2108167.90 5.556371e-19
2110281.34 5.537328e-19
2112396.90 5.517493e-19
2114514.58 5.496070e-19
2116634.38 5.474647e-19
2118756.31 5.453225e-19
2120880.37 5.431802e-19
2123006.55 5.409586e-19
2125134.87 5.388164e-19
2127265.32 5.366742e-19
2129397.90 5.345319e-19
2131532.63 5.323103e-19
2133669.49 5.301680e-19
2135808.50 5.280258e-19
2137949.65 5.259629e-19
2140092.95 5.238206e-19
2142238.39 5.216784e-19
2144385.99 5.196155e-19
2146535.74 5.174732e-19
2148687.64 5.154103e-19
2150841.70 5.133474e-19
2152997.92 5.112051e-19
2155156.31 5.091422e-19
2157316.85 5.070793e-19
2159479.57 5.050957e-19
2161644.45 5.030328e-19
2163811.50 5.009699e-19
2165980.72 4.989864e-19
2168152.12 4.969234e-19
2170325.70 4.949398e-19
2172501.45 4.929563e-19
2174679.38 4.908934e-19
2176859.50 4.889098e-19
2179041.81 4.869263e-19
2181226.30 4.850220e-19
2183412.98 4.830385e-19
2185601.86 4.810549e-19
2187792.92 4.790713e-19
2189986.19 4.771671e-19
2192181.65 4.751835e-19
2194379.32 4.732793e-19
2196579.19 4.712957e-19
2198781.26 4.693915e-19
2200985.54 4.674080e-19
2203192.03 4.655037e-19
2205400.73 4.635202e-19
2207611.65 4.615366e-19
2209824.78 4.595530e-19
2212040.13 4.574901e-19
2214257.71 4.553478e-19
2216477.50 4.532056e-19
2218699.52 4.513014e-19
2220923.77 4.497145e-19
2223150.25 4.482070e-19
2225378.96 4.466201e-19
2227609.91 4.450333e-19
2229843.09 4.432877e-19
2232078.51 4.416215e-19
2234316.17 4.398760e-19
2236556.08 4.381305e-19
2238798.23 4.363849e-19
2241042.62 4.346394e-19
2243289.27 4.329732e-19
2245538.17 4.312277e-19
2247789.33 4.294821e-19
2250042.74 4.277366e-19
2252298.41 4.260704e-19
2254556.34 4.243249e-19
2256816.53 4.226587e-19
2259079.00 4.209131e-19
2261343.73 4.192469e-19
2263610.73 4.175014e-19
2265880.00 4.158352e-19
2268151.54 4.141690e-19
2270425.37 4.125028e-19
2272701.47 4.108366e-19
2274979.86 4.091704e-19
2277260.53 4.075042e-19
2279543.49 4.059173e-19
2281828.73 4.042512e-19
2284116.27 4.025850e-19
2286406.10 4.009981e-19
2288698.22 3.993319e-19
2290992.64 3.977450e-19
2293289.37 3.961582e-19
2295588.39 3.945713e-19
2297889.72 3.929845e-19
2300193.36 3.913183e-19
2302499.30 3.898108e-19
2304807.56 3.882239e-19
2307118.14 3.866371e-19
2309431.02 3.850502e-19
2311746.23 3.835427e-19
2314063.76 3.819558e-19
2316383.61 3.804483e-19
2318705.79 3.788615e-19
2321030.29 3.773540e-19
2323357.13 3.758464e-19
2325686.30 3.743389e-19
2328017.80 3.728314e-19
2330351.64 3.713239e-19
2332687.82 3.698164e-19
2335026.34 3.683089e-19
2337367.21 3.668014e-19
2339710.42 3.652939e-19
2342055.99 3.638657e-19
2344403.90 3.623582e-19
2346754.17 3.609300e-19
2349106.79 3.594225e-19
2351461.77 3.579943e-19
2353819.12 3.565662e-19
2356178.82 3.551380e-19
2358540.90 3.536305e-19
2360905.34 3.522023e-19
2363272.15 3.507742e-19
2365641.33 3.494253e-19
2368012.89 3.479972e-19
2370386.82 3.465690e-19
2372763.14 3.451408e-19
2375141.84 3.437920e-19
2377522.92 3.423638e-19
2379906.39 3.410150e-19
2382292.25 3.395868e-19
2384680.50 3.382380e-19
2387071.14 3.368098e-19
2389464.18 3.354610e-19
2391859.63 3.341122e-19
2394257.47 3.327634e-19
2396657.71 3.313352e-19
2399060.37 3.299864e-19
2401465.43 3.286375e-19
2403872.90 3.272094e-19
2406282.78 3.257812e-19
2408695.08 3.242737e-19
2411109.80 3.225281e-19
2413526.94 3.205446e-19
2415946.51 3.184023e-19
2418368.50 3.172915e-19
2420792.91 3.168948e-19
2423219.76 3.161014e-19
2425649.04 3.150699e-19
2428080.76 3.138005e-19
2430514.91 3.122929e-19
2432951.51 3.102300e-19
2435390.54 3.067389e-19
2437832.03 3.021371e-19
2440275.95 3.012643e-19
2442722.33 3.034859e-19
2445171.17 3.042793e-19
2447622.45 3.038033e-19
2450076.20 3.028511e-19
2452532.40 3.018197e-19
2454991.07 3.006296e-19
2457452.20 2.994394e-19
2459915.80 2.982493e-19
2462381.87 2.970591e-19
2464850.41 2.958690e-19
2467321.42 2.946789e-19
2469794.92 2.935681e-19
2472270.89 2.923779e-19
2474749.34 2.911878e-19
2477230.28 2.899976e-19
2479713.71 2.888075e-19
2482199.62 2.876967e-19
2484688.03 2.865065e-19
2487178.93 2.853164e-19
2489672.33 2.842056e-19
2492168.23 2.830155e-19
2494666.64 2.818253e-19
2497167.54 2.802385e-19
2499670.95 2.784136e-19
2502176.88 2.774615e-19
2504685.31 2.768267e-19
2507196.26 2.758746e-19
2509709.73 2.749225e-19
2512225.72 2.738117e-19
2514744.23 2.727803e-19
2517265.26 2.716695e-19
2519788.82 2.706380e-19
2522314.91 2.695272e-19
2524843.54 2.684957e-19
2527374.70 2.673849e-19
2529908.39 2.663535e-19
2532444.63 2.652427e-19
2534983.41 2.642113e-19
2537524.73 2.631005e-19
2540068.60 2.620690e-19
2542615.02 2.610375e-19
2545164.00 2.599267e-19
2547715.53 2.588953e-19
2550269.62 2.578638e-19
2552826.26 2.568324e-19
2555385.47 2.558009e-19
2557947.25 2.547695e-19
2560511.60 2.537380e-19
2563078.51 2.527065e-19
2565648.00 2.516751e-19
2568220.07 2.506436e-19
2570794.71 2.496122e-19
2573371.94 2.486601e-19
2575951.74 2.476286e-19
2578534.14 2.465972e-19
2581119.12 2.456451e-19
2583706.70 2.446136e-19
2586296.87 2.436615e-19
2588889.63 2.427094e-19
2591485.00 2.416779e-19
2594082.96 2.407258e-19
2596683.53 2.397737e-19
2599286.71 2.387422e-19
2601892.50 2.377901e-19
2604500.90 2.368380e-19
2607111.92 2.358859e-19
2609725.55 2.349338e-19
2612341.80 2.339817e-19
2614960.68 2.330295e-19
2617582.18 2.320774e-19
2620206.31 2.311253e-19
2622833.07 2.302526e-19
2625462.46 2.293005e-19
2628094.49 2.283483e-19
2630729.16 2.274756e-19
2633366.47 2.265235e-19
2636006.42 2.255714e-19
2638649.02 2.246986e-19
2641294.27 2.238258e-19
2643942.17 2.228737e-19
2646592.72 2.220009e-19
2649245.94 2.210488e-19
2651901.81 2.201760e-19
2654560.34 2.193033e-19
2657221.54 2.184305e-19
2659885.41 2.175577e-19
2662551.95 2.166850e-19
2665221.16 2.158122e-19
2667893.05 2.149394e-19
2670567.61 2.140667e-19
2673244.86 2.131939e-19
2675924.79 2.123211e-19
2678607.41 2.114483e-19
2681292.72 2.105756e-19
2683980.72 2.097028e-19
2686671.41 2.089094e-19
2689364.80 2.080366e-19
2692060.89 2.072432e-19
2694759.69 2.063704e-19
2697461.19 2.054976e-19
2700165.39 2.047042e-19
2702872.31 2.039108e-19
2705581.95 2.030380e-19
2708294.29 2.022446e-19
2711009.36 2.013718e-19
2713727.15 2.005784e-19
2716447.67 1.997850e-19
2719170.91 1.989915e-19
2721896.88 1.981981e-19
2724625.59 1.973253e-19
2727357.03 1.965319e-19
2730091.20 1.957385e-19
2732828.12 1.949451e-19
2735567.79 1.941516e-19
2738310.20 1.933582e-19
2741055.36 1.925648e-19
2743803.27 1.917713e-19
2746553.93 1.909779e-19
2749307.36 1.901845e-19
2752063.54 1.893117e-19
2754822.49 1.884390e-19
2757584.20 1.874075e-19
2760348.68 1.862174e-19
2763115.94 1.853446e-19
2765885.96 1.848685e-19
2768658.77 1.844718e-19
2771434.35 1.839164e-19
2774212.72 1.832817e-19
2776993.87 1.825676e-19
2779777.81 1.819328e-19
2782564.54 1.811394e-19
2785354.06 1.804253e-19
2788146.38 1.797113e-19
2790941.50 1.789972e-19
2793739.42 1.782831e-19
2796540.15 1.774897e-19
2799343.69 1.767756e-19
2802150.03 1.760615e-19
2804959.19 1.752681e-19
2807771.17 1.744746e-19
2810585.96 1.737605e-19
2813403.57 1.731258e-19
2816224.01 1.724911e-19
2819047.28 1.718563e-19
2821873.38 1.711422e-19
2824702.31 1.705075e-19
2827534.08 1.697934e-19
2830368.69 1.691587e-19
2833206.13 1.684446e-19
2836046.43 1.678098e-19
2838889.57 1.670958e-19
2841735.56 1.664610e-19
2844584.40 1.658263e-19
2847436.10 1.651122e-19
2850290.66 1.644774e-19
2853148.08 1.637634e-19
2856008.36 1.631286e-19
2858871.51 1.624145e-19
2861737.53 1.617798e-19
2864606.43 1.610657e-19
2867478.20 1.604310e-19
2870352.85 1.596375e-19
2873230.38 1.587648e-19
2876110.80 1.575746e-19
2878994.10 1.556704e-19
2881880.30 1.538455e-19
2884769.39 1.541629e-19
2887661.37 1.548770e-19
2890556.26 1.549563e-19
2893454.04 1.545596e-19
2896354.73 1.540042e-19
2899258.33 1.534488e-19
2902164.84 1.528934e-19
2905074.27 1.522587e-19
2907986.61 1.516239e-19
2910901.87 1.510685e-19
2913820.05 1.504338e-19
2916741.16 1.497990e-19
2919665.19 1.492436e-19
2922592.16 1.486089e-19
2925522.06 1.480535e-19
2928454.90 1.474188e-19
2931390.68 1.468634e-19
2934329.40 1.462286e-19
2937271.07 1.456732e-19
2940215.69 1.450385e-19
2943163.26 1.444831e-19
2946113.78 1.439277e-19
2949067.27 1.432929e-19
2952023.71 1.427375e-19
2954983.12 1.421821e-19
2957945.49 1.415474e-19
2960910.84 1.409920e-19
2963879.15 1.404366e-19
2966850.44 1.398812e-19
2969824.72 1.393258e-19
2972801.97 1.387704e-19
2975782.21 1.382150e-19
2978765.43 1.376596e-19
2981751.65 1.371042e-19
2984740.86 1.365488e-19
2987733.06 1.359934e-19
2990728.27 1.353587e-19
2993726.48 1.338512e-19
